GEO_ID,NAME,DP05_0001E,DP05_0001M,DP05_0001PE,DP05_0001PM,DP05_0002E,DP05_0002M,DP05_0002PE,DP05_0002PM,DP05_0003E,DP05_0003M,DP05_0003PE,DP05_0003PM,DP05_0004E,DP05_0004M,DP05_0004PE,DP05_0004PM,DP05_0005E,DP05_0005M,DP05_0005PE,DP05_0005PM,DP05_0006E,DP05_0006M,DP05_0006PE,DP05_0006PM,DP05_0007E,DP05_0007M,DP05_0007PE,DP05_0007PM,DP05_0008E,DP05_0008M,DP05_0008PE,DP05_0008PM,DP05_0009E,DP05_0009M,DP05_0009PE,DP05_0009PM,DP05_0010E,DP05_0010M,DP05_0010PE,DP05_0010PM,DP05_0011E,DP05_0011M,DP05_0011PE,DP05_0011PM,DP05_0012E,DP05_0012M,DP05_0012PE,DP05_0012PM,DP05_0013E,DP05_0013M,DP05_0013PE,DP05_0013PM,DP05_0014E,DP05_0014M,DP05_0014PE,DP05_0014PM,DP05_0015E,DP05_0015M,DP05_0015PE,DP05_0015PM,DP05_0016E,DP05_0016M,DP05_0016PE,DP05_0016PM,DP05_0017E,DP05_0017M,DP05_0017PE,DP05_0017PM,DP05_0018E,DP05_0018M,DP05_0018PE,DP05_0018PM,DP05_0019E,DP05_0019M,DP05_0019PE,DP05_0019PM,DP05_0020E,DP05_0020M,DP05_0020PE,DP05_0020PM,DP05_0021E,DP05_0021M,DP05_0021PE,DP05_0021PM,DP05_0022E,DP05_0022M,DP05_0022PE,DP05_0022PM,DP05_0023E,DP05_0023M,DP05_0023PE,DP05_0023PM,DP05_0024E,DP05_0024M,DP05_0024PE,DP05_0024PM,DP05_0025E,DP05_0025M,DP05_0025PE,DP05_0025PM,DP05_0026E,DP05_0026M,DP05_0026PE,DP05_0026PM,DP05_0027E,DP05_0027M,DP05_0027PE,DP05_0027PM,DP05_0028E,DP05_0028M,DP05_0028PE,DP05_0028PM,DP05_0029E,DP05_0029M,DP05_0029PE,DP05_0029PM,DP05_0030E,DP05_0030M,DP05_0030PE,DP05_0030PM,DP05_0031E,DP05_0031M,DP05_0031PE,DP05_0031PM,DP05_0032E,DP05_0032M,DP05_0032PE,DP05_0032PM,DP05_0033E,DP05_0033M,DP05_0033PE,DP05_0033PM,DP05_0034E,DP05_0034M,DP05_0034PE,DP05_0034PM,DP05_0035E,DP05_0035M,DP05_0035PE,DP05_0035PM,DP05_0036E,DP05_0036M,DP05_0036PE,DP05_0036PM,DP05_0037E,DP05_0037M,DP05_0037PE,DP05_0037PM,DP05_0038E,DP05_0038M,DP05_0038PE,DP05_0038PM,DP05_0039E,DP05_0039M,DP05_0039PE,DP05_0039PM,DP05_0040E,DP05_0040M,DP05_0040PE,DP05_0040PM,DP05_0041E,DP05_0041M,DP05_0041PE,DP05_0041PM,DP05_0042E,DP05_0042M,DP05_0042PE,DP05_0042PM,DP05_0043E,DP05_0043M,DP05_0043PE,DP05_0043PM,DP05_0044E,DP05_0044M,DP05_0044PE,DP05_0044PM,DP05_0045E,DP05_0045M,DP05_0045PE,DP05_0045PM,DP05_0046E,DP05_0046M,DP05_0046PE,DP05_0046PM,DP05_0047E,DP05_0047M,DP05_0047PE,DP05_0047PM,DP05_0048E,DP05_0048M,DP05_0048PE,DP05_0048PM,DP05_0049E,DP05_0049M,DP05_0049PE,DP05_0049PM,DP05_0050E,DP05_0050M,DP05_0050PE,DP05_0050PM,DP05_0051E,DP05_0051M,DP05_0051PE,DP05_0051PM,DP05_0052E,DP05_0052M,DP05_0052PE,DP05_0052PM,DP05_0053E,DP05_0053M,DP05_0053PE,DP05_0053PM,DP05_0054E,DP05_0054M,DP05_0054PE,DP05_0054PM,DP05_0055E,DP05_0055M,DP05_0055PE,DP05_0055PM,DP05_0056E,DP05_0056M,DP05_0056PE,DP05_0056PM,DP05_0057E,DP05_0057M,DP05_0057PE,DP05_0057PM,DP05_0058E,DP05_0058M,DP05_0058PE,DP05_0058PM,DP05_0059E,DP05_0059M,DP05_0059PE,DP05_0059PM,DP05_0060E,DP05_0060M,DP05_0060PE,DP05_0060PM,DP05_0061E,DP05_0061M,DP05_0061PE,DP05_0061PM,DP05_0062E,DP05_0062M,DP05_0062PE,DP05_0062PM,DP05_0063E,DP05_0063M,DP05_0063PE,DP05_0063PM,DP05_0064E,DP05_0064M,DP05_0064PE,DP05_0064PM,DP05_0065E,DP05_0065M,DP05_0065PE,DP05_0065PM,DP05_0066E,DP05_0066M,DP05_0066PE,DP05_0066PM,DP05_0067E,DP05_0067M,DP05_0067PE,DP05_0067PM,DP05_0068E,DP05_0068M,DP05_0068PE,DP05_0068PM,DP05_0069E,DP05_0069M,DP05_0069PE,DP05_0069PM,DP05_0070E,DP05_0070M,DP05_0070PE,DP05_0070PM,DP05_0071E,DP05_0071M,DP05_0071PE,DP05_0071PM,DP05_0072E,DP05_0072M,DP05_0072PE,DP05_0072PM,DP05_0073E,DP05_0073M,DP05_0073PE,DP05_0073PM,DP05_0074E,DP05_0074M,DP05_0074PE,DP05_0074PM,DP05_0075E,DP05_0075M,DP05_0075PE,DP05_0075PM,DP05_0076E,DP05_0076M,DP05_0076PE,DP05_0076PM,DP05_0077E,DP05_0077M,DP05_0077PE,DP05_0077PM,DP05_0078E,DP05_0078M,DP05_0078PE,DP05_0078PM,DP05_0079E,DP05_0079M,DP05_0079PE,DP05_0079PM,DP05_0080E,DP05_0080M,DP05_0080PE,DP05_0080PM,DP05_0081E,DP05_0081M,DP05_0081PE,DP05_0081PM,DP05_0082E,DP05_0082M,DP05_0082PE,DP05_0082PM,DP05_0083E,DP05_0083M,DP05_0083PE,DP05_0083PM,DP05_0084E,DP05_0084M,DP05_0084PE,DP05_0084PM,DP05_0085E,DP05_0085M,DP05_0085PE,DP05_0085PM,DP05_0086E,DP05_0086M,DP05_0086PE,DP05_0086PM,DP05_0087E,DP05_0087M,DP05_0087PE,DP05_0087PM,DP05_0088E,DP05_0088M,DP05_0088PE,DP05_0088PM,DP05_0089E,DP05_0089M,DP05_0089PE,DP05_0089PM
1400000US17019000200,"Census Tract 2, Champaign County, Illinois",1871,318,1871,(X),937,212,50.1,7,934,204,49.9,7,100.3,28.7,(X),(X),172,81,9.2,3.8,121,68,6.5,3.2,164,77,8.8,3.8,97,77,5.2,3.9,288,124,15.4,6,321,95,17.2,4.5,179,80,9.6,3.9,186,82,9.9,4.3,38,27,2,1.4,105,65,5.6,3.4,63,42,3.4,2,97,44,5.2,2.4,40,31,2.1,1.6,27.4,1.8,(X),(X),517,150,27.6,5.5,1414,248,75.6,5.8,1354,227,72.4,5.5,1238,212,66.2,5.6,268,86,14.3,4.1,200,64,10.7,2.9,1354,227,1354,(X),622,154,45.9,7.2,732,145,54.1,7.2,85,25,(X),(X),200,64,200,(X),64,41,32,15.6,136,51,68,15.6,47.1,37,(X),(X),1871,318,1871,(X),1865,319,99.7,0.5,6,10,0.3,0.5,1865,319,99.7,0.5,314,142,16.8,7,1403,285,75,8,0,11,0,1.6,0,11,0,1.6,0,11,0,1.6,0,11,0,1.6,0,11,0,1.6,148,98,7.9,5.1,0,11,0,1.6,127,95,6.8,5,0,11,0,1.6,0,11,0,1.6,21,22,1.1,1.2,0,11,0,1.6,0,11,0,1.6,0,11,0,1.6,0,11,0,1.6,0,11,0,1.6,0,11,0,1.6,0,11,0,1.6,0,11,0,1.6,6,10,0.3,0.5,0,11,0,1.6,0,11,0,1.6,0,11,0,1.6,0,11,0,1.6,1871,318,1871,(X),314,142,16.8,7,1409,285,75.3,8.1,0,11,0,1.6,154,98,8.2,5.1,0,11,0,1.6,0,11,0,1.6,1871,318,1871,(X),59,49,3.2,2.5,49,49,2.6,2.5,5,8,0.3,0.4,0,11,0,1.6,5,7,0.3,0.4,1812,313,96.8,2.5,255,129,13.6,6.5,1403,285,75,8,0,11,0,1.6,148,98,7.9,5.1,0,11,0,1.6,0,11,0,1.6,6,10,0.3,0.5,0,11,0,1.6,6,10,0.3,0.5,922,65,(X),(X),1123,217,1123,(X),499,145,44.4,8.2,624,138,55.6,8.2
1400000US17019000301,"Census Tract 3.01, Champaign County, Illinois",5260,617,5260,(X),3230,632,61.4,8.3,2030,454,38.6,8.3,159.1,58.3,(X),(X),0,16,0,0.6,0,16,0,0.6,0,16,0,0.6,416,212,7.9,3.8,4372,615,83.1,5.2,240,152,4.6,2.9,58,55,1.1,1.1,93,62,1.8,1.2,0,16,0,0.6,9,18,0.2,0.4,40,30,0.8,0.6,0,16,0,0.6,32,18,0.6,0.4,21.7,0.4,(X),(X),19,27,0.4,0.5,5260,617,100,0.6,5241,624,99.6,0.5,3602,620,68.5,9.3,81,43,1.5,0.9,72,39,1.4,0.8,5241,624,5241,(X),3211,641,61.3,8.4,2030,454,38.7,8.4,158.2,58.5,(X),(X),72,39,72,(X),16,17,22.2,22.5,56,35,77.8,22.5,28.6,38.5,(X),(X),5260,617,5260,(X),5110,602,97.1,1.5,150,82,2.9,1.5,5110,602,97.1,1.5,3197,596,60.8,7.8,434,239,8.3,4.5,0,16,0,0.6,0,16,0,0.6,0,16,0,0.6,0,16,0,0.6,0,16,0,0.6,1316,396,25,7.4,299,181,5.7,3.4,788,313,15,5.9,22,30,0.4,0.6,38,51,0.7,1,67,68,1.3,1.2,31,50,0.6,1,71,85,1.3,1.6,0,16,0,0.6,0,16,0,0.6,0,16,0,0.6,0,16,0,0.6,0,16,0,0.6,163,148,3.1,2.8,150,82,2.9,1.5,32,53,0.6,1,0,16,0,0.6,98,60,1.9,1.1,0,16,0,0.6,5260,617,5260,(X),3347,600,63.6,7.5,486,243,9.2,4.5,20,33,0.4,0.6,1414,421,26.9,7.8,0,16,0,0.6,163,148,3.1,2.8,5260,617,5260,(X),187,112,3.6,2.1,133,105,2.5,2,14,23,0.3,0.4,0,16,0,0.6,40,43,0.8,0.8,5073,616,96.4,2.1,3114,591,59.2,7.6,407,238,7.7,4.5,0,16,0,0.6,1293,396,24.6,7.4,0,16,0,0.6,109,135,2.1,2.5,150,82,2.9,1.5,0,16,0,0.6,150,82,2.9,1.5,2475,161,(X),(X),4346,640,4346,(X),2672,649,61.5,10.1,1674,448,38.5,10.1
1400000US17019000302,"Census Tract 3.02, Champaign County, Illinois",2699,444,2699,(X),1638,353,60.7,12,1061,416,39.3,12,154.4,79.6,(X),(X),0,11,0,1.1,0,11,0,1.1,0,11,0,1.1,91,93,3.4,3.4,1789,403,66.3,8.9,529,200,19.6,6.6,72,59,2.7,2.3,169,117,6.3,4.4,49,48,1.8,1.8,0,11,0,1.1,0,11,0,1.1,0,11,0,1.1,0,11,0,1.1,23.1,0.7,(X),(X),0,11,0,1.1,2699,444,100,1.1,2699,444,100,1.1,2265,441,83.9,7.6,0,11,0,1.1,0,11,0,1.1,2699,444,2699,(X),1638,353,60.7,12,1061,416,39.3,12,154.4,79.6,(X),(X),0,11,0,(X),0,11,-,**,0,11,-,**,-,**,(X),(X),2699,444,2699,(X),2635,445,97.6,2,64,54,2.4,2,2635,445,97.6,2,1081,380,40.1,10.5,66,49,2.4,1.8,13,20,0.5,0.7,13,20,0.5,0.7,0,11,0,1.1,0,11,0,1.1,0,11,0,1.1,1475,312,54.6,10.2,448,172,16.6,6.4,735,303,27.2,10.4,21,35,0.8,1.3,12,21,0.4,0.8,139,89,5.2,3.2,14,25,0.5,0.9,106,88,3.9,3.3,0,11,0,1.1,0,11,0,1.1,0,11,0,1.1,0,11,0,1.1,0,11,0,1.1,0,11,0,1.1,64,54,2.4,2,0,11,0,1.1,0,11,0,1.1,56,52,2.1,2,0,11,0,1.1,2699,444,2699,(X),1145,381,42.4,10.4,66,49,2.4,1.8,13,20,0.5,0.7,1531,315,56.7,10.4,0,11,0,1.1,8,14,0.3,0.5,2699,444,2699,(X),141,106,5.2,4,82,72,3,2.7,0,11,0,1.1,21,35,0.8,1.3,38,55,1.4,2,2558,447,94.8,4,948,375,35.1,10.8,66,49,2.4,1.8,13,20,0.5,0.7,1475,312,54.6,10.2,0,11,0,1.1,0,11,0,1.1,56,52,2.1,2,0,11,0,1.1,56,52,2.1,2,2065,151,(X),(X),1771,401,1771,(X),1040,279,58.7,14.4,731,349,41.3,14.4
1400000US17019000401,"Census Tract 4.01, Champaign County, Illinois",5138,397,5138,(X),2372,287,46.2,4.7,2766,343,53.8,4.7,85.8,16.4,(X),(X),0,16,0,0.6,0,16,0,0.6,0,16,0,0.6,2637,306,51.3,4.7,2347,312,45.7,4.7,129,70,2.5,1.4,22,22,0.4,0.4,1,4,0,0.1,0,16,0,0.6,0,16,0,0.6,0,16,0,0.6,2,5,0,0.1,0,16,0,0.6,19.9,0.3,(X),(X),61,50,1.2,1,5138,397,100,0.6,5077,397,98.8,1,1402,249,27.3,4.2,2,5,0,0.1,2,5,0,0.1,5077,397,5077,(X),2363,290,46.5,4.8,2714,344,53.5,4.8,87.1,17,(X),(X),2,5,2,(X),0,16,0,100,2,5,100,100,-,**,(X),(X),5138,397,5138,(X),5104,393,99.3,0.8,34,43,0.7,0.8,5104,393,99.3,0.8,3694,363,71.9,4.8,166,76,3.2,1.5,3,7,0.1,0.1,0,16,0,0.6,0,16,0,0.6,0,16,0,0.6,0,16,0,0.6,1228,281,23.9,5,166,77,3.2,1.4,849,234,16.5,4.3,39,34,0.8,0.7,0,16,0,0.6,128,62,2.5,1.2,15,23,0.3,0.4,31,33,0.6,0.6,9,20,0.2,0.4,9,20,0.2,0.4,0,16,0,0.6,0,16,0,0.6,0,16,0,0.6,4,6,0.1,0.1,34,43,0.7,0.8,11,23,0.2,0.5,6,10,0.1,0.2,9,17,0.2,0.3,0,16,0,0.6,5138,397,5138,(X),3728,370,72.6,4.9,177,76,3.4,1.5,17,22,0.3,0.4,1237,282,24.1,5,9,20,0.2,0.4,12,19,0.2,0.4,5138,397,5138,(X),277,106,5.4,2,190,81,3.7,1.6,36,39,0.7,0.8,19,26,0.4,0.5,32,31,0.6,0.6,4861,389,94.6,2,3433,373,66.8,5.4,166,76,3.2,1.5,0,16,0,0.6,1228,281,23.9,5,0,16,0,0.6,0,16,0,0.6,34,43,0.7,0.8,0,16,0,0.6,34,43,0.7,0.8,639,48,(X),(X),4324,390,4324,(X),2066,286,47.8,5.5,2258,328,52.2,5.5
1400000US17019000402,"Census Tract 4.02, Champaign County, Illinois",4237,540,4237,(X),2228,426,52.6,8.2,2009,452,47.4,8.2,110.9,37.6,(X),(X),0,11,0,0.7,0,11,0,0.7,0,11,0,0.7,738,152,17.4,3.8,3092,511,73,5.8,353,195,8.3,4.5,0,11,0,0.7,35,53,0.8,1.3,19,31,0.4,0.7,0,11,0,0.7,0,11,0,0.7,0,11,0,0.7,0,11,0,0.7,21.3,0.3,(X),(X),11,16,0.3,0.4,4237,540,100,0.7,4226,540,99.7,0.4,2400,419,56.6,7,0,11,0,0.7,0,11,0,0.7,4226,540,4226,(X),2223,426,52.6,8.2,2003,451,47.4,8.2,111,37.6,(X),(X),0,11,0,(X),0,11,-,**,0,11,-,**,-,**,(X),(X),4237,540,4237,(X),4107,523,96.9,1.7,130,77,3.1,1.7,4107,523,96.9,1.7,3163,525,74.7,5.4,197,104,4.6,2.5,0,11,0,0.7,0,11,0,0.7,0,11,0,0.7,0,11,0,0.7,0,11,0,0.7,648,207,15.3,5.1,208,186,4.9,4.4,261,100,6.2,2.5,42,34,1,0.8,33,41,0.8,1,63,34,1.5,0.9,27,32,0.6,0.7,14,16,0.3,0.4,0,11,0,0.7,0,11,0,0.7,0,11,0,0.7,0,11,0,0.7,0,11,0,0.7,99,79,2.3,1.9,130,77,3.1,1.7,24,28,0.6,0.6,18,28,0.4,0.7,49,36,1.2,0.8,0,11,0,0.7,4237,540,4237,(X),3285,547,77.5,5.5,221,110,5.2,2.6,18,28,0.4,0.7,705,212,16.6,5.1,0,11,0,0.7,138,81,3.3,1.9,4237,540,4237,(X),406,144,9.6,3.2,333,134,7.9,3,11,16,0.3,0.4,5,8,0.1,0.2,57,43,1.3,1,3831,510,90.4,3.2,2873,503,67.8,5.8,197,104,4.6,2.5,0,11,0,0.7,637,205,15,5,0,11,0,0.7,39,45,0.9,1.1,85,46,2,1,8,13,0.2,0.3,77,43,1.8,1,1623,102,(X),(X),3824,545,3824,(X),2092,424,54.7,9.1,1732,456,45.3,9.1
1400000US17019000500,"Census Tract 5, Champaign County, Illinois",3797,526,3797,(X),2178,472,57.4,8.3,1619,350,42.6,8.3,134.5,45.4,(X),(X),260,116,6.8,2.9,118,83,3.1,2.1,61,58,1.6,1.5,8,16,0.2,0.4,893,505,23.5,11.1,771,208,20.3,6.6,458,157,12.1,4.2,277,112,7.3,3,223,86,5.9,2.6,208,106,5.5,2.7,299,131,7.9,3.5,105,80,2.8,2.1,116,82,3.1,2.2,32.2,5,(X),(X),439,147,11.6,3.4,3358,470,88.4,3.4,3358,470,88.4,3.4,3180,421,83.8,7.1,661,145,17.4,3.9,520,138,13.7,3.8,3358,470,3358,(X),1867,450,55.6,9.4,1491,331,44.4,9.4,125.2,47,(X),(X),520,138,520,(X),340,108,65.4,10.6,180,72,34.6,10.6,188.9,89.9,(X),(X),3797,526,3797,(X),3755,532,98.9,1.4,42,50,1.1,1.4,3755,532,98.9,1.4,2617,406,68.9,12.8,989,587,26,13.2,25,39,0.7,1,0,11,0,0.8,0,11,0,0.8,25,39,0.7,1,0,11,0,0.8,113,81,3,2.2,8,16,0.2,0.4,0,11,0,0.8,34,34,0.9,0.9,18,30,0.5,0.8,13,22,0.3,0.6,40,56,1.1,1.5,0,11,0,0.8,0,11,0,0.8,0,11,0,0.8,0,11,0,0.8,0,11,0,0.8,0,11,0,0.8,11,21,0.3,0.6,42,50,1.1,1.4,0,11,0,0.8,0,11,0,0.8,11,19,0.3,0.5,0,11,0,0.8,3797,526,3797,(X),2630,405,69.3,12.8,989,587,26,13.2,25,39,0.7,1,153,99,4,2.7,0,11,0,0.8,42,51,1.1,1.4,3797,526,3797,(X),151,122,4,3.2,44,68,1.2,1.8,1,5,0,0.1,16,26,0.4,0.7,90,101,2.4,2.6,3646,527,96,3.2,2466,393,64.9,12.4,989,587,26,13.2,25,39,0.7,1,113,81,3,2.2,0,11,0,0.8,11,21,0.3,0.6,42,50,1.1,1.4,31,46,0.8,1.2,11,19,0.3,0.5,2081,168,(X),(X),3184,461,3184,(X),1795,447,56.4,9.9,1389,327,43.6,9.9
1400000US17019000700,"Census Tract 7, Champaign County, Illinois",3241,398,3241,(X),1834,293,56.6,5.3,1407,232,43.4,5.3,130.3,27.9,(X),(X),256,113,7.9,3,250,104,7.7,2.9,184,85,5.7,2.3,153,106,4.7,3.2,379,182,11.7,4.9,486,141,15,4.1,331,131,10.2,4,378,141,11.7,4.4,342,121,10.6,3.9,164,69,5.1,2.3,243,92,7.5,3,57,43,1.8,1.3,18,21,0.6,0.7,31.8,7.9,(X),(X),738,248,22.8,6,2536,287,78.2,6,2503,278,77.2,6,2345,260,72.4,6.5,402,104,12.4,3.6,318,82,9.8,2.7,2503,278,2503,(X),1435,250,57.3,5.7,1068,149,42.7,5.7,134.4,31.4,(X),(X),318,82,318,(X),155,60,48.7,14.8,163,65,51.3,14.8,95.1,58.3,(X),(X),3241,398,3241,(X),3104,404,95.8,2.8,137,88,4.2,2.8,3104,404,95.8,2.8,1727,267,53.3,6.6,1093,246,33.7,5.9,0,11,0,0.9,0,11,0,0.9,0,11,0,0.9,0,11,0,0.9,0,11,0,0.9,147,86,4.5,2.6,0,11,0,0.9,11,19,0.3,0.6,0,11,0,0.9,20,23,0.6,0.7,14,20,0.4,0.6,88,68,2.7,2.1,14,23,0.4,0.7,10,17,0.3,0.5,0,11,0,0.9,0,11,0,0.9,0,11,0,0.9,10,17,0.3,0.5,127,186,3.9,5.6,137,88,4.2,2.8,114,77,3.5,2.5,13,19,0.4,0.6,0,11,0,0.9,10,15,0.3,0.5,3241,398,3241,(X),1854,265,57.2,6.6,1217,256,37.6,6.3,23,24,0.7,0.7,147,86,4.5,2.6,10,17,0.3,0.5,127,186,3.9,5.6,3241,398,3241,(X),393,255,12.1,7.6,204,186,6.3,5.8,62,68,1.9,2.1,0,11,0,0.9,127,186,3.9,5.6,2848,404,87.9,7.6,1461,301,45.1,8,1093,246,33.7,5.9,0,11,0,0.9,147,86,4.5,2.6,10,17,0.3,0.5,0,11,0,0.9,137,88,4.2,2.8,0,11,0,0.9,137,88,4.2,2.8,1635,95,(X),(X),2321,290,2321,(X),1309,255,56.4,6.1,1012,148,43.6,6.1
1400000US17019000800,"Census Tract 8, Champaign County, Illinois",6166,698,6166,(X),3226,434,52.3,5,2940,491,47.7,5,109.7,22,(X),(X),412,156,6.7,2.5,344,173,5.6,2.6,410,234,6.6,3.5,290,164,4.7,2.4,508,188,8.2,3,1827,333,29.6,4.7,851,219,13.8,3.5,650,201,10.5,3,179,85,2.9,1.4,154,87,2.5,1.4,391,153,6.3,2.6,108,49,1.8,0.8,42,45,0.7,0.7,31.1,2.3,(X),(X),1372,403,22.3,5.1,4927,494,79.9,5.1,4794,496,77.7,5.1,4660,481,75.6,5.8,605,169,9.8,2.8,541,165,8.8,2.7,4794,496,4794,(X),2400,331,50.1,5,2394,356,49.9,5,100.3,20,(X),(X),541,165,541,(X),161,75,29.8,11,380,134,70.2,11,42.4,22.5,(X),(X),6166,698,6166,(X),6072,693,98.5,1.1,94,70,1.5,1.1,6072,693,98.5,1.1,3440,497,55.8,7.4,1494,528,24.2,7.2,0,16,0,0.5,0,16,0,0.5,0,16,0,0.5,0,16,0,0.5,0,16,0,0.5,1121,343,18.2,5.3,208,198,3.4,3.2,237,186,3.8,3.1,74,90,1.2,1.5,0,16,0,0.5,182,188,3,3,100,161,1.6,2.6,320,234,5.2,3.8,0,16,0,0.5,0,16,0,0.5,0,16,0,0.5,0,16,0,0.5,0,16,0,0.5,17,27,0.3,0.4,94,70,1.5,1.1,46,50,0.7,0.8,0,16,0,0.5,31,40,0.5,0.6,17,28,0.3,0.5,6166,698,6166,(X),3517,501,57,7.5,1557,530,25.3,7.2,17,28,0.3,0.5,1152,350,18.7,5.4,0,16,0,0.5,17,27,0.3,0.4,6166,698,6166,(X),267,181,4.3,2.9,132,77,2.1,1.3,107,173,1.7,2.8,0,16,0,0.5,28,33,0.5,0.5,5899,698,95.7,2.9,3206,463,52,7.1,1478,535,24,7.3,0,16,0,0.5,1121,343,18.2,5.3,0,16,0,0.5,0,16,0,0.5,94,70,1.5,1.1,0,16,0,0.5,94,70,1.5,1.1,3055,104,(X),(X),4035,477,4035,(X),1915,329,47.5,5.7,2120,337,52.5,5.7
1400000US17019000901,"Census Tract 9.01, Champaign County, Illinois",5104,564,5104,(X),2807,380,55,4.4,2297,343,45,4.4,122.2,21.7,(X),(X),601,236,11.8,4.2,412,190,8.1,3.5,298,139,5.8,2.6,327,162,6.4,3.1,541,226,10.6,4.3,1026,261,20.1,4.7,517,164,10.1,2.8,560,165,11,3.3,339,123,6.6,2.5,201,85,3.9,1.7,168,71,3.3,1.3,74,64,1.4,1.3,40,30,0.8,0.6,28.6,1.6,(X),(X),1493,350,29.3,5,3751,409,73.5,4.9,3611,390,70.7,5,3456,384,67.7,5.2,405,120,7.9,2.3,282,97,5.5,1.9,3611,390,3611,(X),2010,331,55.7,5.6,1601,232,44.3,5.6,125.5,28.6,(X),(X),282,97,282,(X),123,59,43.6,14.9,159,71,56.4,14.9,77.4,47.4,(X),(X),5104,564,5104,(X),5030,569,98.6,1.1,74,53,1.4,1.1,5030,569,98.6,1.1,2266,403,44.4,7.5,2568,514,50.3,7.2,0,16,0,0.6,0,16,0,0.6,0,16,0,0.6,0,16,0,0.6,0,16,0,0.6,67,66,1.3,1.3,0,16,0,0.6,0,16,0,0.6,33,54,0.6,1.1,0,16,0,0.6,0,16,0,0.6,6,12,0.1,0.2,28,45,0.5,0.9,0,16,0,0.6,0,16,0,0.6,0,16,0,0.6,0,16,0,0.6,0,16,0,0.6,129,142,2.5,2.7,74,53,1.4,1.1,54,52,1.1,1,8,13,0.2,0.3,0,16,0,0.6,0,16,0,0.6,5104,564,5104,(X),2340,403,45.8,7.6,2634,511,51.6,7.2,20,17,0.4,0.3,67,66,1.3,1.3,0,16,0,0.6,129,142,2.5,2.7,5104,564,5104,(X),801,342,15.7,6.8,627,307,12.3,6.1,36,60,0.7,1.2,0,16,0,0.6,138,199,2.7,3.9,4303,651,84.3,6.8,1610,390,31.5,6.9,2508,506,49.1,7.1,0,16,0,0.6,67,66,1.3,1.3,0,16,0,0.6,44,70,0.9,1.4,74,53,1.4,1.1,0,16,0,0.6,74,53,1.4,1.1,2240,161,(X),(X),3034,402,3034,(X),1645,328,54.2,6.4,1389,230,45.8,6.4
1400000US17019000902,"Census Tract 9.02, Champaign County, Illinois",6797,473,6797,(X),3165,392,46.6,4.4,3632,366,53.4,4.4,87.1,15.5,(X),(X),482,136,7.1,1.9,412,127,6.1,1.7,367,145,5.4,2.1,370,203,5.4,2.9,597,236,8.8,3.3,1045,225,15.4,3.4,1020,199,15,2.7,903,254,13.3,3.7,508,234,7.5,3.4,332,123,4.9,1.8,401,136,5.9,2,222,127,3.3,1.9,138,106,2,1.5,36.1,2.7,(X),(X),1431,319,21.1,4.1,5503,395,81,3.2,5366,404,78.9,4.1,4995,374,73.5,4.5,963,144,14.2,2.2,761,130,11.2,2,5366,404,5366,(X),2296,313,42.8,4.7,3070,332,57.2,4.7,74.8,14.5,(X),(X),761,130,761,(X),213,133,28,18.2,548,184,72,18.2,38.9,36.9,(X),(X),6797,473,6797,(X),6643,471,97.7,1.7,154,116,2.3,1.7,6643,471,97.7,1.7,4791,405,70.5,4,1102,303,16.2,4.1,0,16,0,0.4,0,16,0,0.4,0,16,0,0.4,0,16,0,0.4,0,16,0,0.4,693,201,10.2,2.9,94,101,1.4,1.5,31,38,0.5,0.6,157,131,2.3,2,0,16,0,0.4,15,24,0.2,0.3,316,256,4.6,3.7,80,128,1.2,1.9,0,16,0,0.4,0,16,0,0.4,0,16,0,0.4,0,16,0,0.4,0,16,0,0.4,57,66,0.8,1,154,116,2.3,1.7,65,78,1,1.2,42,67,0.6,1,23,37,0.3,0.5,0,16,0,0.4,6797,473,6797,(X),4921,406,72.4,3.8,1191,301,17.5,4.1,42,67,0.6,1,716,204,10.5,2.9,24,41,0.4,0.6,57,66,0.8,1,6797,473,6797,(X),362,204,5.3,3,228,172,3.4,2.6,19,32,0.3,0.5,0,16,0,0.4,115,82,1.7,1.2,6435,493,94.7,3,4462,430,65.6,4.7,1102,303,16.2,4.1,0,16,0,0.4,693,201,10.2,2.9,0,16,0,0.4,24,39,0.4,0.6,154,116,2.3,1.7,0,16,0,0.4,154,116,2.3,1.7,2987,127,(X),(X),4916,403,4916,(X),2044,292,41.6,4.7,2872,322,58.4,4.7
1400000US17019001000,"Census Tract 10, Champaign County, Illinois",4442,479,4442,(X),2124,357,47.8,5.5,2318,325,52.2,5.5,91.6,20.2,(X),(X),256,131,5.8,2.9,251,126,5.7,2.6,339,161,7.6,3.5,257,146,5.8,3.2,441,296,9.9,6.2,668,232,15,5.4,736,187,16.6,4.1,484,196,10.9,4.1,197,108,4.4,2.4,238,130,5.4,3.1,383,103,8.6,2.2,96,81,2.2,1.9,96,64,2.2,1.5,35.1,3,(X),(X),912,235,20.5,4.2,3544,371,79.8,4.3,3530,371,79.5,4.2,3258,306,73.3,4.2,660,99,14.9,2.7,575,61,12.9,1.9,3530,371,3530,(X),1742,293,49.3,5.5,1788,239,50.7,5.5,97.4,21.5,(X),(X),575,61,575,(X),236,68,41,10,339,60,59,10,69.6,28.8,(X),(X),4442,479,4442,(X),4313,477,97.1,2.3,129,102,2.9,2.3,4313,477,97.1,2.3,3315,310,74.6,6,991,355,22.3,6.5,0,11,0,0.7,0,11,0,0.7,0,11,0,0.7,0,11,0,0.7,0,11,0,0.7,7,22,0.2,0.5,0,11,0,0.7,0,11,0,0.7,7,22,0.2,0.5,0,11,0,0.7,0,11,0,0.7,0,11,0,0.7,0,11,0,0.7,0,11,0,0.7,0,11,0,0.7,0,11,0,0.7,0,11,0,0.7,0,11,0,0.7,0,11,0,0.7,129,102,2.9,2.3,70,68,1.6,1.5,0,11,0,0.7,12,19,0.3,0.4,0,11,0,0.7,4442,479,4442,(X),3430,333,77.2,6.4,1108,350,24.9,6.1,47,73,1.1,1.6,19,29,0.4,0.7,0,11,0,0.7,14,22,0.3,0.5,4442,479,4442,(X),43,50,1,1.2,24,40,0.5,0.9,0,11,0,0.7,0,11,0,0.7,19,29,0.4,0.7,4399,492,99,1.2,3272,326,73.7,6.1,991,355,22.3,6.5,0,11,0,0.7,7,22,0.2,0.5,0,11,0,0.7,0,11,0,0.7,129,102,2.9,2.3,0,11,0,0.7,129,102,2.9,2.3,2358,108,(X),(X),3388,377,3388,(X),1665,293,49.1,5.7,1723,241,50.9,5.7
1400000US17019001100,"Census Tract 11, Champaign County, Illinois",3647,252,3647,(X),1783,183,48.9,3.7,1864,184,51.1,3.7,95.7,14.1,(X),(X),237,87,6.5,2.4,228,148,6.3,3.9,130,76,3.6,2,109,60,3,1.6,150,101,4.1,2.8,680,154,18.6,4.1,374,122,10.3,3.5,495,141,13.6,3.7,173,102,4.7,2.8,303,96,8.3,2.7,457,105,12.5,2.7,264,84,7.2,2.3,47,35,1.3,0.9,39.9,5.6,(X),(X),684,168,18.8,3.9,2987,192,81.9,3.9,2963,191,81.2,3.9,2943,186,80.7,4,1018,140,27.9,3.7,768,109,21.1,2.7,2963,191,2963,(X),1432,140,48.3,3.3,1531,131,51.7,3.3,93.5,12.3,(X),(X),768,109,768,(X),388,92,50.5,9,380,83,49.5,9,102.1,37.7,(X),(X),3647,252,3647,(X),3522,240,96.6,1.8,125,69,3.4,1.8,3522,240,96.6,1.8,3060,250,83.9,5.2,252,157,6.9,4.2,0,11,0,0.8,0,11,0,0.8,0,11,0,0.8,0,11,0,0.8,0,11,0,0.8,146,98,4,2.6,29,42,0.8,1.2,55,55,1.5,1.5,51,77,1.4,2.1,11,19,0.3,0.5,0,11,0,0.8,0,11,0,0.8,0,11,0,0.8,0,11,0,0.8,0,11,0,0.8,0,11,0,0.8,0,11,0,0.8,0,11,0,0.8,64,42,1.8,1.2,125,69,3.4,1.8,8,14,0.2,0.4,0,11,0,0.8,41,33,1.1,0.9,0,11,0,0.8,3647,252,3647,(X),3173,258,87,4.9,272,158,7.5,4.2,0,11,0,0.8,187,101,5.1,2.7,0,11,0,0.8,140,83,3.8,2.3,3647,252,3647,(X),287,128,7.9,3.6,149,86,4.1,2.3,62,61,1.7,1.7,0,11,0,0.8,76,70,2.1,1.9,3360,288,92.1,3.6,2909,285,79.8,5.9,252,157,6.9,4.2,0,11,0,0.8,146,98,4,2.6,0,11,0,0.8,0,11,0,0.8,53,39,1.5,1.1,12,20,0.3,0.6,41,33,1.1,0.9,1802,74,(X),(X),2805,207,2805,(X),1346,144,48,3.3,1459,132,52,3.3
1400000US17019001201,"Census Tract 12.01, Champaign County, Illinois",6826,617,6826,(X),3462,377,50.7,2.9,3364,356,49.3,2.9,102.9,11.9,(X),(X),469,171,6.9,2.3,378,181,5.5,2.4,341,201,5,2.9,585,222,8.6,3.2,591,232,8.7,3.4,1102,358,16.1,4.7,1005,221,14.7,2.9,500,165,7.3,2.6,587,239,8.6,3.3,286,146,4.2,2.2,576,165,8.4,2.5,310,115,4.5,1.8,96,75,1.4,1.1,34.1,2.7,(X),(X),1553,397,22.8,4.8,5455,446,79.9,4.1,5273,479,77.2,4.8,4794,455,70.2,4.8,1205,192,17.7,3.3,982,123,14.4,2.1,5273,479,5273,(X),2681,338,50.8,3.5,2592,262,49.2,3.5,103.4,14.5,(X),(X),982,123,982,(X),491,148,50,13.8,491,152,50,13.8,100,54.4,(X),(X),6826,617,6826,(X),6504,575,95.3,3.7,322,261,4.7,3.7,6504,575,95.3,3.7,3643,580,53.4,5.9,2300,400,33.7,5.6,0,16,0,0.4,0,16,0,0.4,0,16,0,0.4,0,16,0,0.4,0,16,0,0.4,407,180,6,2.8,136,125,2,1.9,76,158,1.1,2.3,76,121,1.1,1.8,0,16,0,0.4,73,54,1.1,0.8,0,16,0,0.4,46,79,0.7,1.2,0,16,0,0.4,0,16,0,0.4,0,16,0,0.4,0,16,0,0.4,0,16,0,0.4,154,115,2.3,1.7,322,261,4.7,3.7,238,243,3.5,3.5,12,18,0.2,0.3,0,16,0,0.4,0,16,0,0.4,6826,617,6826,(X),3943,638,57.8,5.9,2538,453,37.2,5.8,62,82,0.9,1.2,479,176,7,2.7,0,16,0,0.4,176,133,2.6,2,6826,617,6826,(X),351,204,5.1,3,285,201,4.2,2.9,0,16,0,0.4,0,16,0,0.4,66,52,1,0.7,6475,630,94.9,3,3468,528,50.8,5.2,2277,400,33.4,5.5,0,16,0,0.4,407,180,6,2.8,0,16,0,0.4,23,30,0.3,0.4,300,260,4.4,3.6,0,16,0,0.4,300,260,4.4,3.6,3131,117,(X),(X),4955,491,4955,(X),2534,337,51.1,3.8,2421,275,48.9,3.8
1400000US17019001203,"Census Tract 12.03, Champaign County, Illinois",4891,384,4891,(X),2217,221,45.3,3.5,2674,294,54.7,3.5,82.9,11.5,(X),(X),255,104,5.2,2,247,117,5.1,2.3,350,179,7.2,3.5,131,76,2.7,1.5,485,252,9.9,4.7,624,169,12.8,3.6,446,151,9.1,3.1,731,211,14.9,4.1,320,92,6.5,2,635,137,13,3.1,353,128,7.2,2.8,183,70,3.7,1.4,131,66,2.7,1.3,43.1,7,(X),(X),974,328,19.9,5.9,4009,335,82,5.4,3917,325,80.1,5.9,3805,288,77.8,5.8,1000,189,20.4,3.9,667,158,13.6,3.4,3917,325,3917,(X),1824,218,46.6,4.1,2093,241,53.4,4.1,87.1,14.4,(X),(X),667,158,667,(X),283,74,42.4,7.5,384,115,57.6,7.5,73.7,22.3,(X),(X),4891,384,4891,(X),4799,402,98.1,1.8,92,87,1.9,1.8,4799,402,98.1,1.8,3495,288,71.5,5.3,1141,344,23.3,5.9,0,11,0,0.6,0,11,0,0.6,0,11,0,0.6,0,11,0,0.6,0,11,0,0.6,132,77,2.7,1.6,25,42,0.5,0.9,69,56,1.4,1.2,12,19,0.2,0.4,14,25,0.3,0.5,0,11,0,0.6,12,19,0.2,0.4,0,11,0,0.6,0,11,0,0.6,0,11,0,0.6,0,11,0,0.6,0,11,0,0.6,0,11,0,0.6,31,40,0.6,0.8,92,87,1.9,1.8,27,27,0.6,0.6,45,75,0.9,1.5,20,30,0.4,0.6,0,11,0,0.6,4891,384,4891,(X),3587,293,73.3,5.6,1168,346,23.9,5.9,45,75,0.9,1.5,152,86,3.1,1.8,0,11,0,0.6,31,40,0.6,0.8,4891,384,4891,(X),186,131,3.8,2.8,82,82,1.7,1.7,58,89,1.2,1.8,0,11,0,0.6,46,55,0.9,1.1,4705,433,96.2,2.8,3352,326,68.5,5.6,1141,344,23.3,5.9,0,11,0,0.6,132,77,2.7,1.6,0,11,0,0.6,24,39,0.5,0.8,56,44,1.1,0.9,0,11,0,0.6,56,44,1.1,0.9,2039,72,(X),(X),3780,334,3780,(X),1733,221,45.8,4.2,2047,242,54.2,4.2
1400000US17019001204,"Census Tract 12.04, Champaign County, Illinois",4043,252,4043,(X),2036,169,50.4,3.3,2007,197,49.6,3.3,101.4,13.3,(X),(X),267,86,6.6,2,276,124,6.8,3,388,125,9.6,3.1,240,107,5.9,2.6,142,102,3.5,2.5,303,97,7.5,2.3,375,110,9.3,2.6,685,131,16.9,3.5,390,103,9.6,2.4,322,105,8,2.5,230,74,5.7,1.9,332,105,8.2,2.5,93,79,2.3,1.9,45.2,2.4,(X),(X),1094,153,27.1,3.1,3112,217,77,3,2949,208,72.9,3.1,2857,219,70.7,3.6,787,121,19.5,2.8,655,88,16.2,2.1,2949,208,2949,(X),1497,144,50.8,2.9,1452,125,49.2,2.9,103.1,12,(X),(X),655,88,655,(X),320,61,48.9,5.5,335,52,51.1,5.5,95.5,21.4,(X),(X),4043,252,4043,(X),3849,261,95.2,3,194,121,4.8,3,3849,261,95.2,3,2646,453,65.4,11.4,254,190,6.3,4.7,15,24,0.4,0.6,0,11,0,0.7,0,11,0,0.7,0,11,0,0.7,0,11,0,0.7,934,427,23.1,10.1,426,375,10.5,9.1,349,196,8.6,4.7,6,11,0.1,0.3,0,11,0,0.7,121,83,3,2.1,0,11,0,0.7,32,46,0.8,1.2,0,11,0,0.7,0,11,0,0.7,0,11,0,0.7,0,11,0,0.7,0,11,0,0.7,0,11,0,0.7,194,121,4.8,3,103,99,2.5,2.4,0,11,0,0.7,91,72,2.3,1.8,0,11,0,0.7,4043,252,4043,(X),2840,441,70.2,11,357,207,8.8,5.1,15,24,0.4,0.6,1025,438,25.4,10.4,0,11,0,0.7,0,11,0,0.7,4043,252,4043,(X),84,97,2.1,2.4,0,11,0,0.7,0,11,0,0.7,0,11,0,0.7,84,97,2.1,2.4,3959,272,97.9,2.4,2562,410,63.4,10.3,254,190,6.3,4.7,15,24,0.4,0.6,934,427,23.1,10.1,0,11,0,0.7,0,11,0,0.7,194,121,4.8,3,0,11,0,0.7,194,121,4.8,3,1404,62,(X),(X),2804,204,2804,(X),1439,153,51.3,3,1365,109,48.7,3
1400000US17019001205,"Census Tract 12.05, Champaign County, Illinois",7405,504,7405,(X),3966,389,53.6,3.4,3439,323,46.4,3.4,115.3,15.7,(X),(X),323,113,4.4,1.5,519,178,7,2.2,770,237,10.4,3.1,402,152,5.4,2,315,145,4.3,2,835,256,11.3,3.4,1574,343,21.3,4,1169,207,15.8,2.9,417,148,5.6,2.1,393,142,5.3,1.9,453,117,6.1,1.6,145,95,2,1.3,90,69,1.2,0.9,37.6,0.6,(X),(X),1941,269,26.2,2.9,5764,412,77.8,3,5464,390,73.8,2.9,5350,387,72.2,3.2,864,140,11.7,1.8,688,117,9.3,1.6,5464,390,5464,(X),2741,265,50.2,3.3,2723,268,49.8,3.3,100.7,13.4,(X),(X),688,117,688,(X),395,90,57.4,9.8,293,87,42.6,9.8,134.8,53.7,(X),(X),7405,504,7405,(X),7142,575,96.4,3.6,263,267,3.6,3.6,7142,575,96.4,3.6,4214,534,56.9,5.9,1074,351,14.5,4.6,0,16,0,0.4,0,16,0,0.4,0,16,0,0.4,0,16,0,0.4,0,16,0,0.4,1854,383,25,5,253,191,3.4,2.6,622,390,8.4,5.4,368,310,5,4.2,40,62,0.5,0.8,559,313,7.5,4.1,0,16,0,0.4,12,36,0.2,0.5,0,16,0,0.4,0,16,0,0.4,0,16,0,0.4,0,16,0,0.4,0,16,0,0.4,0,16,0,0.4,263,267,3.6,3.6,0,16,0,0.4,10,16,0.1,0.2,253,265,3.4,3.6,0,16,0,0.4,7405,504,7405,(X),4477,552,60.5,6.2,1074,351,14.5,4.6,10,16,0.1,0.2,2107,356,28.5,4.7,0,16,0,0.4,0,16,0,0.4,7405,504,7405,(X),494,416,6.7,5.5,347,408,4.7,5.4,0,16,0,0.4,0,16,0,0.4,147,145,2,1.9,6911,486,93.3,5.5,3720,442,50.2,6,1074,351,14.5,4.6,0,16,0,0.4,1854,383,25,5,0,16,0,0.4,0,16,0,0.4,263,267,3.6,3.6,0,16,0,0.4,263,267,3.6,3.6,3110,148,(X),(X),4616,434,4616,(X),2219,305,48.1,4.3,2397,280,51.9,4.3
1400000US17019001206,"Census Tract 12.06, Champaign County, Illinois",2053,212,2053,(X),908,149,44.2,5.4,1145,158,55.8,5.4,79.3,17.5,(X),(X),71,26,3.5,1.2,31,19,1.5,0.9,196,57,9.5,2.5,97,51,4.7,2.4,74,52,3.6,2.5,168,47,8.2,2.1,200,63,9.7,2.8,261,72,12.7,3.3,157,63,7.6,3,188,60,9.2,2.8,389,78,18.9,3.8,169,56,8.2,2.4,52,32,2.5,1.5,53.6,4.8,(X),(X),364,82,17.7,3.4,1724,183,84,3.4,1689,182,82.3,3.4,1658,177,80.8,3.3,752,102,36.6,3.8,610,78,29.7,2.9,1689,182,1689,(X),700,105,41.4,4.8,989,140,58.6,4.8,70.8,14,(X),(X),610,78,610,(X),299,54,49,4.8,311,43,51,4.8,96.1,18.7,(X),(X),2053,212,2053,(X),2025,211,98.6,1.2,28,25,1.4,1.2,2025,211,98.6,1.2,1816,217,88.5,6.4,92,110,4.5,5.3,0,11,0,1.4,0,11,0,1.4,0,11,0,1.4,0,11,0,1.4,0,11,0,1.4,111,77,5.4,3.6,7,18,0.3,0.9,92,70,4.5,3.3,0,11,0,1.4,0,11,0,1.4,6,9,0.3,0.4,6,8,0.3,0.4,0,11,0,1.4,0,11,0,1.4,0,11,0,1.4,0,11,0,1.4,0,11,0,1.4,0,11,0,1.4,6,9,0.3,0.5,28,25,1.4,1.2,0,11,0,1.4,0,11,0,1.4,12,19,0.6,0.9,0,11,0,1.4,2053,212,2053,(X),1844,219,89.8,6.4,101,111,4.9,5.3,9,13,0.4,0.6,123,79,6,3.7,0,11,0,1.4,13,14,0.6,0.7,2053,212,2053,(X),133,98,6.5,4.6,112,97,5.5,4.6,12,19,0.6,0.9,0,11,0,1.4,9,13,0.4,0.6,1920,214,93.5,4.6,1705,198,83,6.3,92,110,4.5,5.3,0,11,0,1.4,111,77,5.4,3.6,0,11,0,1.4,0,11,0,1.4,12,19,0.6,0.9,0,11,0,1.4,12,19,0.6,0.9,907,93,(X),(X),1630,176,1630,(X),687,104,42.1,5,943,137,57.9,5
1400000US17019001301,"Census Tract 13.01, Champaign County, Illinois",6328,422,6328,(X),2947,339,46.6,4,3381,314,53.4,4,87.2,14.1,(X),(X),651,190,10.3,2.8,317,126,5,1.9,269,116,4.3,1.8,41,35,0.6,0.6,499,344,7.9,5.3,1097,258,17.3,4.2,834,163,13.2,2.6,585,172,9.2,2.8,295,120,4.7,1.9,366,136,5.8,2.2,657,218,10.4,3.3,548,190,8.7,3,169,104,2.7,1.6,38.4,3.6,(X),(X),1278,224,20.2,3,5090,349,80.4,3,5050,357,79.8,3,5050,357,79.8,3,1569,194,24.8,2.7,1374,195,21.7,2.7,5050,357,5050,(X),2310,310,45.7,4.4,2740,255,54.3,4.4,84.3,15.3,(X),(X),1374,195,1374,(X),522,84,38,6.4,852,178,62,6.4,61.3,16.8,(X),(X),6328,422,6328,(X),6138,451,97,2,190,126,3,2,6138,451,97,2,5241,501,82.8,4.5,337,167,5.3,2.7,0,16,0,0.5,0,16,0,0.5,0,16,0,0.5,0,16,0,0.5,0,16,0,0.5,474,244,7.5,3.9,186,155,2.9,2.5,236,198,3.7,3.1,17,24,0.3,0.4,16,27,0.3,0.4,0,16,0,0.5,0,16,0,0.5,19,32,0.3,0.5,0,16,0,0.5,0,16,0,0.5,0,16,0,0.5,0,16,0,0.5,0,16,0,0.5,86,141,1.4,2.2,190,126,3,2,159,121,2.5,1.9,0,16,0,0.5,31,38,0.5,0.6,0,16,0,0.5,6328,422,6328,(X),5431,475,85.8,3.9,496,204,7.8,3.3,0,16,0,0.5,505,252,8,4,0,16,0,0.5,86,141,1.4,2.2,6328,422,6328,(X),594,484,9.4,7.5,422,457,6.7,7.1,0,16,0,0.5,0,16,0,0.5,172,203,2.7,3.2,5734,529,90.6,7.5,4733,563,74.8,7.8,337,167,5.3,2.7,0,16,0,0.5,474,244,7.5,3.9,0,16,0,0.5,0,16,0,0.5,190,126,3,2,0,16,0,0.5,190,126,3,2,3075,115,(X),(X),4598,391,4598,(X),2087,321,45.4,4.6,2511,243,54.6,4.6
1400000US17019001302,"Census Tract 13.02, Champaign County, Illinois",4470,266,4470,(X),2039,158,45.6,2.7,2431,204,54.4,2.7,83.9,9.3,(X),(X),251,94,5.6,2,200,75,4.5,1.6,176,83,3.9,1.8,279,112,6.2,2.4,199,104,4.5,2.3,387,111,8.7,2.5,567,138,12.7,2.9,575,97,12.9,2.1,117,64,2.6,1.4,222,81,5,1.8,746,142,16.7,3.1,371,100,8.3,2.3,380,123,8.5,2.8,47.8,3.4,(X),(X),809,163,18.1,3,3796,210,84.9,3,3661,191,81.9,3,3479,217,77.8,3.8,1655,198,37,4.5,1497,177,33.5,4.1,3661,191,3661,(X),1664,127,45.5,2.6,1997,144,54.5,2.6,83.3,8.9,(X),(X),1497,177,1497,(X),644,111,43,5.2,853,126,57,5.2,75.5,16.3,(X),(X),4470,266,4470,(X),4439,268,99.3,0.6,31,29,0.7,0.6,4439,268,99.3,0.6,3482,280,77.9,4.8,202,126,4.5,2.9,0,11,0,0.7,0,11,0,0.7,0,11,0,0.7,0,11,0,0.7,0,11,0,0.7,703,183,15.7,3.8,181,127,4,2.8,179,173,4,3.8,55,86,1.2,1.9,35,50,0.8,1.1,224,156,5,3.5,12,20,0.3,0.4,17,28,0.4,0.6,0,11,0,0.7,0,11,0,0.7,0,11,0,0.7,0,11,0,0.7,0,11,0,0.7,52,87,1.2,1.9,31,29,0.7,0.6,9,15,0.2,0.3,0,11,0,0.7,10,16,0.2,0.4,0,11,0,0.7,4470,266,4470,(X),3501,278,78.3,4.8,211,129,4.7,2.9,12,18,0.3,0.4,713,184,16,3.8,12,18,0.3,0.4,52,87,1.2,1.9,4470,266,4470,(X),116,104,2.6,2.3,84,86,1.9,1.9,0,11,0,0.7,12,20,0.3,0.4,20,24,0.4,0.5,4354,262,97.4,2.3,3400,263,76.1,4.8,202,126,4.5,2.9,0,11,0,0.7,681,182,15.2,3.8,0,11,0,0.7,52,87,1.2,1.9,19,23,0.4,0.5,0,11,0,0.7,19,23,0.4,0.5,2231,147,(X),(X),3418,205,3418,(X),1566,130,45.8,2.7,1852,144,54.2,2.7
1400000US17019001400,"Census Tract 14, Champaign County, Illinois",6835,365,6835,(X),3299,311,48.3,3.3,3536,265,51.7,3.3,93.3,12.3,(X),(X),314,89,4.6,1.3,334,111,4.9,1.5,244,81,3.6,1.1,2423,224,35.4,2.6,949,211,13.9,3.1,900,169,13.2,2.5,566,130,8.3,1.8,454,118,6.6,1.7,118,61,1.7,0.9,178,77,2.6,1.1,208,78,3,1.1,92,57,1.3,0.8,55,45,0.8,0.7,20.3,0.4,(X),(X),1120,139,16.4,1.7,5863,316,85.8,1.7,5715,314,83.6,1.7,3138,231,45.9,2.5,448,106,6.6,1.5,355,87,5.2,1.2,5715,314,5715,(X),2816,281,49.3,3.8,2899,253,50.7,3.8,97.1,14.6,(X),(X),355,87,355,(X),100,48,28.2,10.5,255,64,71.8,10.5,39.2,20.3,(X),(X),6835,365,6835,(X),6649,373,97.3,1.5,186,106,2.7,1.5,6649,373,97.3,1.5,4589,394,67.1,3.8,370,198,5.4,2.9,0,16,0,0.4,0,16,0,0.4,0,16,0,0.4,0,16,0,0.4,0,16,0,0.4,1690,238,24.7,3.3,393,185,5.7,2.7,487,218,7.1,3.2,178,136,2.6,2,0,16,0,0.4,572,167,8.4,2.5,0,16,0,0.4,60,58,0.9,0.8,0,16,0,0.4,0,16,0,0.4,0,16,0,0.4,0,16,0,0.4,0,16,0,0.4,0,16,0,0.4,186,106,2.7,1.5,54,68,0.8,1,0,16,0,0.4,120,90,1.8,1.3,0,16,0,0.4,6835,365,6835,(X),4775,418,69.9,4.2,424,212,6.2,3.1,0,16,0,0.4,1810,240,26.5,3.3,0,16,0,0.4,12,20,0.2,0.3,6835,365,6835,(X),470,165,6.9,2.3,263,107,3.8,1.5,35,42,0.5,0.6,9,19,0.1,0.3,163,110,2.4,1.6,6365,363,93.1,2.3,4149,387,60.7,4.1,361,199,5.3,2.9,0,16,0,0.4,1690,238,24.7,3.3,0,16,0,0.4,0,16,0,0.4,165,102,2.4,1.5,0,16,0,0.4,165,102,2.4,1.5,1778,118,(X),(X),4874,360,4874,(X),2441,289,50.1,4.7,2433,293,49.9,4.7
1400000US17019005300,"Census Tract 53, Champaign County, Illinois",5556,638,5556,(X),3091,534,55.6,7.6,2465,529,44.4,7.6,125.4,39.1,(X),(X),123,80,2.2,1.4,148,154,2.7,2.7,141,77,2.5,1.4,253,159,4.6,2.8,2348,436,42.3,6,1325,263,23.8,4.5,414,212,7.5,3.5,381,115,6.9,2,113,116,2,2.1,87,89,1.6,1.6,124,106,2.2,1.9,69,71,1.2,1.3,30,30,0.5,0.5,24.5,0.6,(X),(X),429,234,7.7,4,5144,611,92.6,4,5127,598,92.3,4,4554,620,82,5.8,249,125,4.5,2.2,223,123,4,2.2,5127,598,5127,(X),2918,544,56.9,8,2209,475,43.1,8,132.1,43.2,(X),(X),223,123,223,(X),71,57,31.8,19.7,152,92,68.2,19.7,46.7,42.8,(X),(X),5556,638,5556,(X),5489,631,98.8,1.2,67,65,1.2,1.2,5489,631,98.8,1.2,1822,384,32.8,6.4,1812,461,32.6,5.9,89,73,1.6,1.3,27,44,0.5,0.8,0,16,0,0.5,0,16,0,0.5,0,16,0,0.5,1651,323,29.7,5.6,118,91,2.1,1.7,937,310,16.9,5.6,91,90,1.6,1.6,0,16,0,0.5,328,220,5.9,4,16,26,0.3,0.5,161,139,2.9,2.5,0,16,0,0.5,0,16,0,0.5,0,16,0,0.5,0,16,0,0.5,0,16,0,0.5,115,127,2.1,2.3,67,65,1.2,1.2,23,37,0.4,0.7,0,16,0,0.5,44,53,0.8,0.9,0,16,0,0.5,5556,638,5556,(X),1889,396,34,6.5,1835,471,33,6.1,89,73,1.6,1.3,1695,327,30.5,5.6,0,16,0,0.5,115,127,2.1,2.3,5556,638,5556,(X),188,92,3.4,1.7,90,82,1.6,1.5,42,67,0.8,1.2,0,16,0,0.5,56,45,1,0.8,5368,634,96.6,1.7,1673,376,30.1,6.2,1787,450,32.2,5.8,89,73,1.6,1.3,1651,323,29.7,5.6,0,16,0,0.5,101,124,1.8,2.3,67,65,1.2,1.2,0,16,0,0.5,67,65,1.2,1.2,2971,189,(X),(X),3877,620,3877,(X),2107,430,54.3,8,1770,444,45.7,8
1400000US17019005401,"Census Tract 54.01, Champaign County, Illinois",4391,460,4391,(X),2132,265,48.6,4.2,2259,327,51.4,4.2,94.4,16,(X),(X),268,160,6.1,3.5,170,112,3.9,2.5,243,145,5.5,3.1,222,134,5.1,2.9,811,319,18.5,6.8,782,174,17.8,3.7,483,127,11,2.8,301,149,6.9,3.4,289,125,6.6,2.8,365,162,8.3,3.7,217,118,4.9,2.7,192,80,4.4,1.8,48,50,1.1,1.1,30.6,2.9,(X),(X),784,239,17.9,4.4,3661,352,83.4,4.6,3607,349,82.1,4.4,3412,315,77.7,4.7,656,169,14.9,4,457,88,10.4,2.1,3607,349,3607,(X),1631,252,45.2,5.8,1976,294,54.8,5.8,82.5,19.3,(X),(X),457,88,457,(X),202,80,44.2,12.1,255,56,55.8,12.1,79.2,39.9,(X),(X),4391,460,4391,(X),4211,425,95.9,3,180,139,4.1,3,4211,425,95.9,3,2996,412,68.2,8.4,1004,425,22.9,8.9,0,11,0,0.7,0,11,0,0.7,0,11,0,0.7,0,11,0,0.7,0,11,0,0.7,95,80,2.2,1.8,0,11,0,0.7,32,37,0.7,0.8,1,2,0,0.1,0,11,0,0.7,0,11,0,0.7,0,11,0,0.7,62,78,1.4,1.8,0,11,0,0.7,0,11,0,0.7,0,11,0,0.7,0,11,0,0.7,0,11,0,0.7,116,95,2.6,2.1,180,139,4.1,3,76,76,1.7,1.7,67,109,1.5,2.4,0,11,0,0.7,0,11,0,0.7,4391,460,4391,(X),3159,461,71.9,8.8,1117,410,25.4,8.3,67,109,1.5,2.4,115,89,2.6,2,0,11,0,0.7,133,106,3,2.4,4391,460,4391,(X),298,166,6.8,3.9,189,124,4.3,3,47,79,1.1,1.8,49,74,1.1,1.7,13,21,0.3,0.5,4093,512,93.2,3.9,2831,445,64.5,8.5,1004,425,22.9,8.9,0,11,0,0.7,95,80,2.2,1.8,0,11,0,0.7,0,11,0,0.7,163,134,3.7,2.9,0,11,0,0.7,163,134,3.7,2.9,2584,125,(X),(X),3469,358,3469,(X),1566,260,45.1,6.1,1903,296,54.9,6.1
1400000US17019005402,"Census Tract 54.02, Champaign County, Illinois",3572,344,3572,(X),1690,221,47.3,4.4,1882,245,52.7,4.4,89.8,15.7,(X),(X),197,104,5.5,2.8,210,74,5.9,1.9,181,95,5.1,2.6,156,75,4.4,2,241,89,6.7,2.5,423,150,11.8,4.1,415,115,11.6,2.9,533,142,14.9,4,247,131,6.9,3.6,335,101,9.4,2.7,477,152,13.4,3.9,128,63,3.6,1.7,29,25,0.8,0.7,43.6,4.7,(X),(X),698,170,19.5,4,2966,295,83,4,2874,290,80.5,4,2712,281,75.9,4.3,812,159,22.7,3.8,634,139,17.7,3.4,2874,290,2874,(X),1230,156,42.8,4,1644,216,57.2,4,74.8,12.4,(X),(X),634,139,634,(X),264,72,41.6,10.9,370,125,58.4,10.9,71.4,32.9,(X),(X),3572,344,3572,(X),3450,345,96.6,2.4,122,87,3.4,2.4,3450,345,96.6,2.4,3083,337,86.3,6.1,151,93,4.2,2.6,18,17,0.5,0.5,0,11,0,0.8,0,11,0,0.8,0,11,0,0.8,0,11,0,0.8,188,170,5.3,4.6,14,23,0.4,0.7,46,71,1.3,2,0,11,0,0.8,0,11,0,0.8,0,11,0,0.8,128,146,3.6,4,0,11,0,0.8,0,11,0,0.8,0,11,0,0.8,0,11,0,0.8,0,11,0,0.8,0,11,0,0.8,10,17,0.3,0.5,122,87,3.4,2.4,47,61,1.3,1.7,31,32,0.9,0.9,44,52,1.2,1.5,0,11,0,0.8,3572,344,3572,(X),3205,330,89.7,5.4,198,118,5.5,3.3,49,36,1.4,1,232,185,6.5,5,0,11,0,0.8,10,17,0.3,0.5,3572,344,3572,(X),363,286,10.2,7.7,334,284,9.4,7.6,19,28,0.5,0.8,0,11,0,0.8,10,16,0.3,0.5,3209,367,89.8,7.7,2740,365,76.7,9.4,151,93,4.2,2.6,8,15,0.2,0.4,188,170,5.3,4.6,0,11,0,0.8,0,11,0,0.8,122,87,3.4,2.4,0,11,0,0.8,122,87,3.4,2.4,1656,158,(X),(X),2612,288,2612,(X),1121,149,42.9,4.4,1491,221,57.1,4.4
1400000US17019005500,"Census Tract 55, Champaign County, Illinois",4825,456,4825,(X),2426,275,50.3,4,2399,320,49.7,4,101.1,16.6,(X),(X),169,83,3.5,1.7,149,111,3.1,2.2,235,137,4.9,2.7,254,131,5.3,2.6,242,138,5,2.8,902,245,18.7,5.3,607,224,12.6,4.2,620,178,12.8,3.3,390,131,8.1,2.9,276,117,5.7,2.5,672,157,13.9,3.2,202,93,4.2,1.9,107,95,2.2,1.9,42.1,3.5,(X),(X),771,275,16,5,4243,400,87.9,4.5,4054,379,84,5,4018,377,83.3,4.9,1171,246,24.3,4.8,981,207,20.3,3.9,4054,379,4054,(X),2095,248,51.7,3.8,1959,242,48.3,3.8,106.9,16.6,(X),(X),981,207,981,(X),405,113,41.3,8,576,147,58.7,8,70.3,23.5,(X),(X),4825,456,4825,(X),4612,425,95.6,3.6,213,183,4.4,3.6,4612,425,95.6,3.6,3863,388,80.1,6.3,395,210,8.2,4.2,47,48,1,1,0,11,0,0.6,0,11,0,0.6,0,11,0,0.6,0,11,0,0.6,232,192,4.8,3.9,99,152,2.1,3.1,0,11,0,0.6,10,15,0.2,0.3,0,11,0,0.6,0,11,0,0.6,0,11,0,0.6,123,110,2.5,2.3,0,11,0,0.6,0,11,0,0.6,0,11,0,0.6,0,11,0,0.6,0,11,0,0.6,75,76,1.6,1.6,213,183,4.4,3.6,5,9,0.1,0.2,38,56,0.8,1.1,136,149,2.8,3,20,33,0.4,0.7,4825,456,4825,(X),4056,392,84.1,4.9,420,215,8.7,4.2,105,106,2.2,2.2,368,252,7.6,5,0,11,0,0.6,89,81,1.8,1.7,4825,456,4825,(X),515,231,10.7,4.8,388,220,8,4.6,44,27,0.9,0.5,0,11,0,0.6,83,76,1.7,1.6,4310,480,89.3,4.8,3505,409,72.6,7,395,210,8.2,4.2,0,11,0,0.6,232,192,4.8,3.9,0,11,0,0.6,0,11,0,0.6,178,153,3.7,3.1,0,11,0,0.6,178,153,3.7,3.1,2728,132,(X),(X),3900,390,3900,(X),1991,250,51.1,3.8,1909,237,48.9,3.8
1400000US17019005600,"Census Tract 56, Champaign County, Illinois",7104,481,7104,(X),3435,362,48.4,3.9,3669,366,51.6,3.9,93.6,14.4,(X),(X),587,247,8.3,3.3,389,170,5.5,2.3,396,146,5.6,2,532,248,7.5,3.4,567,198,8,2.7,1603,307,22.6,4.4,926,274,13,3.6,567,185,8,2.7,402,158,5.7,2.3,420,122,5.9,1.8,453,239,6.4,3.3,107,73,1.5,1,155,83,2.2,1.2,31.6,1.9,(X),(X),1812,299,25.5,3.3,5527,413,77.8,3.6,5292,361,74.5,3.3,5192,373,73.1,3.7,984,277,13.9,3.7,715,264,10.1,3.6,5292,361,5292,(X),2633,289,49.8,3.8,2659,253,50.2,3.8,99,15.2,(X),(X),715,264,715,(X),263,95,36.8,15.4,452,242,63.2,15.4,58.2,41.4,(X),(X),7104,481,7104,(X),6899,472,97.1,2.2,205,157,2.9,2.2,6899,472,97.1,2.2,4821,655,67.9,8.1,1638,596,23.1,8.2,0,16,0,0.4,0,16,0,0.4,0,16,0,0.4,0,16,0,0.4,0,16,0,0.4,440,227,6.2,3.2,0,16,0,0.4,225,183,3.2,2.6,86,133,1.2,1.9,0,16,0,0.4,77,80,1.1,1.1,22,35,0.3,0.5,30,51,0.4,0.7,0,16,0,0.4,0,16,0,0.4,0,16,0,0.4,0,16,0,0.4,0,16,0,0.4,0,16,0,0.4,205,157,2.9,2.2,96,96,1.4,1.4,76,98,1.1,1.4,0,16,0,0.4,0,16,0,0.4,7104,481,7104,(X),5026,688,70.7,8.4,1734,578,24.4,8,76,98,1.1,1.4,440,227,6.2,3.2,33,53,0.5,0.7,0,16,0,0.4,7104,481,7104,(X),531,296,7.5,4.2,203,205,2.9,2.9,133,127,1.9,1.8,94,149,1.3,2.1,101,112,1.4,1.6,6573,563,92.5,4.2,4290,611,60.4,7.4,1638,596,23.1,8.2,0,16,0,0.4,440,227,6.2,3.2,0,16,0,0.4,0,16,0,0.4,205,157,2.9,2.2,0,16,0,0.4,205,157,2.9,2.2,3357,182,(X),(X),4909,372,4909,(X),2409,275,49.1,4,2500,266,50.9,4
1400000US17019005701,"Census Tract 57.01, Champaign County, Illinois",5045,526,5045,(X),2253,386,44.7,4.9,2792,324,55.3,4.9,80.7,16.1,(X),(X),452,198,9,3.5,156,63,3.1,1.4,231,101,4.6,2,193,96,3.8,1.8,423,211,8.4,3.9,1008,329,20,5.3,491,128,9.7,2.8,427,139,8.5,2.7,332,130,6.6,2.5,346,133,6.9,2.6,547,152,10.8,3.1,196,109,3.9,2.2,243,98,4.8,2,36.1,4.7,(X),(X),1003,178,19.9,2.8,4062,443,80.5,2.8,4042,437,80.1,2.8,4013,428,79.5,2.6,1141,205,22.6,4.4,986,179,19.5,3.9,4042,437,4042,(X),1724,284,42.7,4.4,2318,275,57.3,4.4,74.4,13.6,(X),(X),986,179,986,(X),375,87,38,8.4,611,158,62,8.4,61.4,22.6,(X),(X),5045,526,5045,(X),4813,500,95.4,2.9,232,152,4.6,2.9,4813,500,95.4,2.9,3208,415,63.6,7.9,1024,448,20.3,7.9,0,16,0,0.6,0,16,0,0.6,0,16,0,0.6,0,16,0,0.6,0,16,0,0.6,471,190,9.3,3.7,128,128,2.5,2.5,230,152,4.6,3.1,61,94,1.2,1.9,19,32,0.4,0.6,0,16,0,0.6,0,16,0,0.6,33,40,0.7,0.8,0,16,0,0.6,0,16,0,0.6,0,16,0,0.6,0,16,0,0.6,0,16,0,0.6,110,87,2.2,1.7,232,152,4.6,2.9,137,119,2.7,2.3,0,16,0,0.6,40,49,0.8,1,0,16,0,0.6,5045,526,5045,(X),3440,442,68.2,7.9,1161,458,23,7.9,0,16,0,0.6,511,205,10.1,4,0,16,0,0.6,165,104,3.3,2,5045,526,5045,(X),411,199,8.1,3.8,254,193,5,3.7,0,16,0,0.6,15,26,0.3,0.5,142,112,2.8,2.2,4634,513,91.9,3.8,2942,365,58.3,7.3,1024,448,20.3,7.9,0,16,0,0.6,471,190,9.3,3.7,0,16,0,0.6,15,22,0.3,0.4,182,127,3.6,2.4,21,31,0.4,0.6,161,119,3.2,2.3,2685,118,(X),(X),3573,437,3573,(X),1517,281,42.5,4.9,2056,274,57.5,4.9
1400000US17019005702,"Census Tract 57.02, Champaign County, Illinois",3555,267,3555,(X),1397,167,39.3,4.3,2158,243,60.7,4.3,64.7,11.9,(X),(X),110,60,3.1,1.7,89,52,2.5,1.5,131,57,3.7,1.5,137,73,3.9,2,544,194,15.3,4.9,615,144,17.3,4,291,88,8.2,2.4,260,68,7.3,1.9,211,76,5.9,2.1,233,76,6.6,2.2,356,119,10,3.3,286,117,8,3.3,292,99,8.2,2.9,42.4,4.8,(X),(X),392,82,11,2.2,3197,255,89.9,2.3,3163,251,89,2.2,3060,242,86.1,2.7,1045,144,29.4,4.2,934,129,26.3,3.7,3163,251,3163,(X),1269,164,40.1,4.6,1894,222,59.9,4.6,67,13,(X),(X),934,129,934,(X),321,103,34.4,8.5,613,96,65.6,8.5,52.4,20,(X),(X),3555,267,3555,(X),3418,251,96.1,2.7,137,100,3.9,2.7,3418,251,96.1,2.7,2163,211,60.8,6.7,467,167,13.1,4.5,44,65,1.2,1.8,41,65,1.2,1.8,0,11,0,0.8,0,11,0,0.8,0,11,0,0.8,709,232,19.9,5.8,68,63,1.9,1.8,490,218,13.8,5.6,30,33,0.8,0.9,31,45,0.9,1.3,46,42,1.3,1.2,17,30,0.5,0.8,27,29,0.8,0.8,0,11,0,0.8,0,11,0,0.8,0,11,0,0.8,0,11,0,0.8,0,11,0,0.8,35,52,1,1.5,137,100,3.9,2.7,92,93,2.6,2.5,5,9,0.1,0.3,32,31,0.9,0.9,0,11,0,0.8,3555,267,3555,(X),2300,203,64.7,5.9,559,190,15.7,5,49,66,1.4,1.8,741,238,20.8,6,0,11,0,0.8,43,54,1.2,1.5,3555,267,3555,(X),8,12,0.2,0.3,8,12,0.2,0.3,0,11,0,0.8,0,11,0,0.8,0,11,0,0.8,3547,267,99.8,0.3,2163,211,60.8,6.7,467,167,13.1,4.5,44,65,1.2,1.8,709,232,19.9,5.8,0,11,0,0.8,35,52,1,1.5,129,100,3.6,2.7,0,11,0,0.8,129,100,3.6,2.7,1736,93,(X),(X),2639,237,2639,(X),1091,174,41.3,4.8,1548,170,58.7,4.8
1400000US17019005800,"Census Tract 58, Champaign County, Illinois",3890,351,3890,(X),2044,268,52.5,5.4,1846,283,47.5,5.4,110.7,23.7,(X),(X),153,67,3.9,1.7,142,58,3.7,1.4,136,66,3.5,1.7,369,156,9.5,3.7,907,224,23.3,5.2,603,163,15.5,4,471,94,12.1,2.5,268,95,6.9,2.4,104,58,2.7,1.5,201,75,5.2,2,387,139,9.9,3.2,83,44,2.1,1.1,66,58,1.7,1.5,27.8,2,(X),(X),525,135,13.5,3.1,3425,332,88,3,3365,319,86.5,3.1,2994,284,77,4,659,159,16.9,3.7,536,139,13.8,3.2,3365,319,3365,(X),1753,248,52.1,5.8,1612,258,47.9,5.8,108.7,25.2,(X),(X),536,139,536,(X),263,100,49.1,12,273,86,50.9,12,96.3,45.7,(X),(X),3890,351,3890,(X),3656,363,94,2.9,234,110,6,2.9,3656,363,94,2.9,2839,299,73,6.2,154,139,4,3.4,0,11,0,0.8,0,11,0,0.8,0,11,0,0.8,0,11,0,0.8,0,11,0,0.8,532,221,13.7,5.2,81,55,2.1,1.4,385,194,9.9,4.6,17,25,0.4,0.6,0,11,0,0.8,24,28,0.6,0.7,25,39,0.6,1,0,11,0,0.8,10,16,0.3,0.4,0,11,0,0.8,0,11,0,0.8,10,16,0.3,0.4,0,11,0,0.8,121,84,3.1,2.1,234,110,6,2.9,26,28,0.7,0.7,59,72,1.5,1.9,83,77,2.1,2,0,11,0,0.8,3890,351,3890,(X),3062,315,78.7,6.7,209,150,5.4,3.7,59,72,1.5,1.9,644,232,16.6,5.4,22,25,0.6,0.7,146,102,3.8,2.6,3890,351,3890,(X),335,139,8.6,3.5,187,109,4.8,2.8,27,29,0.7,0.7,0,11,0,0.8,121,87,3.1,2.2,3555,353,91.4,3.5,2664,300,68.5,6.6,154,139,4,3.4,0,11,0,0.8,532,221,13.7,5.2,10,16,0.3,0.4,0,11,0,0.8,195,107,5,2.8,0,11,0,0.8,195,107,5,2.8,1826,115,(X),(X),2864,291,2864,(X),1463,221,51.1,6.1,1401,234,48.9,6.1
1400000US17019005900,"Census Tract 59, Champaign County, Illinois",6054,458,6054,(X),2779,335,45.9,4.6,3275,384,54.1,4.6,84.9,15.5,(X),(X),0,16,0,0.5,0,16,0,0.5,0,16,0,0.5,2971,299,49.1,4.3,2569,384,42.4,4.6,315,97,5.2,1.6,94,67,1.6,1.1,51,41,0.8,0.7,50,21,0.8,0.4,0,16,0,0.5,0,16,0,0.5,2,4,0,0.1,2,4,0,0.1,20.1,0.3,(X),(X),94,47,1.6,0.8,6054,458,100,0.5,5960,454,98.4,0.8,2250,351,37.2,4.8,4,6,0.1,0.1,4,6,0.1,0.1,5960,454,5960,(X),2749,336,46.1,4.6,3211,377,53.9,4.6,85.6,15.7,(X),(X),4,6,4,(X),4,6,100,100,0,16,0,100,-,**,(X),(X),6054,458,6054,(X),5968,453,98.6,1,86,63,1.4,1,5968,453,98.6,1,3619,370,59.8,4.8,351,195,5.8,3.1,0,16,0,0.5,0,16,0,0.5,0,16,0,0.5,0,16,0,0.5,0,16,0,0.5,1998,306,33,4.5,414,253,6.8,4,1107,194,18.3,3.1,5,10,0.1,0.2,32,31,0.5,0.5,291,138,4.8,2.2,15,19,0.2,0.3,134,77,2.2,1.3,0,16,0,0.5,0,16,0,0.5,0,16,0,0.5,0,16,0,0.5,0,16,0,0.5,0,16,0,0.5,86,63,1.4,1,31,36,0.5,0.6,0,16,0,0.5,18,24,0.3,0.4,0,16,0,0.5,6054,458,6054,(X),3668,368,60.6,4.7,387,198,6.4,3.1,0,16,0,0.5,2048,308,33.8,4.4,11,14,0.2,0.2,26,41,0.4,0.7,6054,458,6054,(X),484,143,8,2.3,360,124,5.9,2,63,58,1,0.9,20,24,0.3,0.4,41,27,0.7,0.5,5570,456,92,2.3,3140,372,51.9,5.1,351,195,5.8,3.1,0,16,0,0.5,1998,306,33,4.5,0,16,0,0.5,0,16,0,0.5,81,62,1.3,1,26,41,0.4,0.7,55,39,0.9,0.6,1404,85,(X),(X),4835,428,4835,(X),2209,324,45.7,4.7,2626,296,54.3,4.7
1400000US17019006000,"Census Tract 60, Champaign County, Illinois",3551,314,3551,(X),1938,277,54.6,5.8,1613,238,45.4,5.8,120.1,27.9,(X),(X),89,44,2.5,1.2,88,65,2.5,1.8,19,19,0.5,0.6,1879,222,52.9,4.5,501,127,14.1,3.2,609,113,17.2,3.1,204,65,5.7,1.9,76,46,2.1,1.3,25,33,0.7,0.9,9,10,0.3,0.3,46,57,1.3,1.6,0,11,0,0.8,6,9,0.2,0.3,19.6,0.2,(X),(X),204,88,5.7,2.4,3355,293,94.5,2.3,3347,293,94.3,2.4,1254,164,35.3,3.7,61,58,1.7,1.6,52,56,1.5,1.6,3347,293,3347,(X),1861,268,55.6,5.8,1486,219,44.4,5.8,125.2,29.4,(X),(X),52,56,52,(X),30,35,57.7,27.6,22,26,42.3,27.6,136.4,180.7,(X),(X),3551,314,3551,(X),3460,314,97.4,1.4,91,49,2.6,1.4,3460,314,97.4,1.4,1877,254,52.9,4.3,420,154,11.8,4.5,6,9,0.2,0.2,0,11,0,0.8,0,11,0,0.8,0,11,0,0.8,0,11,0,0.8,1131,219,31.9,5.4,298,129,8.4,3.6,533,165,15,4.3,12,17,0.3,0.5,19,16,0.5,0.4,114,54,3.2,1.5,0,11,0,0.8,155,78,4.4,2.2,0,11,0,0.8,0,11,0,0.8,0,11,0,0.8,0,11,0,0.8,0,11,0,0.8,26,32,0.7,0.9,91,49,2.6,1.4,26,27,0.7,0.7,0,11,0,0.8,53,40,1.5,1.1,0,11,0,0.8,3551,314,3551,(X),1968,264,55.4,4.6,446,152,12.6,4.5,6,9,0.2,0.2,1184,216,33.3,5.3,0,11,0,0.8,38,36,1.1,1,3551,314,3551,(X),299,89,8.4,2.5,166,68,4.7,1.9,31,26,0.9,0.7,0,11,0,0.8,102,58,2.9,1.6,3252,306,91.6,2.5,1633,245,46,4.6,400,151,11.3,4.4,6,9,0.2,0.2,1131,219,31.9,5.4,0,11,0,0.8,0,11,0,0.8,82,48,2.3,1.4,3,5,0.1,0.1,79,49,2.2,1.4,840,59,(X),(X),2471,278,2471,(X),1327,238,53.7,7.4,1144,219,46.3,7.4
1400000US17019010100,"Census Tract 101, Champaign County, Illinois",5151,521,5151,(X),2289,382,44.4,4.5,2862,292,55.6,4.5,80,14.5,(X),(X),420,150,8.2,2.9,809,346,15.7,6.1,315,156,6.1,2.6,342,113,6.6,2.2,174,119,3.4,2.3,884,257,17.2,4.7,468,182,9.1,3.5,383,178,7.4,3.4,144,68,2.8,1.3,385,145,7.5,3.2,393,141,7.6,2.8,268,116,5.2,2.3,166,96,3.2,1.9,29.3,4,(X),(X),1825,455,35.4,6.6,3474,312,67.4,6.9,3326,340,64.6,6.6,3236,339,62.8,6.6,1074,211,20.9,4.8,827,190,16.1,3.9,3326,340,3326,(X),1460,248,43.9,4.4,1866,186,56.1,4.4,78.2,13.9,(X),(X),827,190,827,(X),312,101,37.7,9.1,515,142,62.3,9.1,60.6,22.9,(X),(X),5151,521,5151,(X),5023,522,97.5,1.9,128,99,2.5,1.9,5023,522,97.5,1.9,3198,444,62.1,10.6,1242,414,24.1,6.3,8,13,0.2,0.2,8,13,0.2,0.2,0,16,0,0.6,0,16,0,0.6,0,16,0,0.6,195,170,3.8,3.2,150,163,2.9,3.1,13,22,0.3,0.4,32,37,0.6,0.7,0,16,0,0.6,0,16,0,0.6,0,16,0,0.6,0,16,0,0.6,0,16,0,0.6,0,16,0,0.6,0,16,0,0.6,0,16,0,0.6,0,16,0,0.6,380,452,7.4,8.7,128,99,2.5,1.9,42,72,0.8,1.4,34,52,0.7,1,16,25,0.3,0.5,0,16,0,0.6,5151,521,5151,(X),3326,430,64.6,10.4,1302,410,25.3,6.1,60,59,1.2,1.2,211,175,4.1,3.3,0,16,0,0.6,398,465,7.7,9,5151,521,5151,(X),500,459,9.7,8.8,119,106,2.3,2.1,370,445,7.2,8.6,0,16,0,0.6,11,31,0.2,0.6,4651,604,90.3,8.8,3114,446,60.5,10.6,1224,411,23.8,6.2,8,13,0.2,0.2,195,170,3.8,3.2,0,16,0,0.6,0,16,0,0.6,110,88,2.1,1.7,0,16,0,0.6,110,88,2.1,1.7,2367,270,(X),(X),3133,367,3133,(X),1327,264,42.4,4.8,1806,191,57.6,4.8
1400000US17019010204,"Census Tract 102.04, Champaign County, Illinois",4673,472,4673,(X),2218,315,47.5,4.3,2455,303,52.5,4.3,90.3,15.4,(X),(X),332,139,7.1,2.8,280,113,6,2.3,264,134,5.6,2.8,390,125,8.3,2.5,378,184,8.1,3.9,645,242,13.8,4.5,525,161,11.2,3.1,592,177,12.7,3.9,303,92,6.5,2,282,102,6,2.2,387,105,8.3,2.2,196,61,4.2,1.4,99,50,2.1,1,36.9,5.3,(X),(X),1201,268,25.7,4.7,3641,412,77.9,4.5,3472,385,74.3,4.7,3282,390,70.2,4.5,822,111,17.6,2.4,682,91,14.6,1.9,3472,385,3472,(X),1672,246,48.2,4,1800,230,51.8,4,92.9,14.8,(X),(X),682,91,682,(X),320,76,46.9,7.5,362,59,53.1,7.5,88.4,27,(X),(X),4673,472,4673,(X),4550,455,97.4,1.5,123,73,2.6,1.5,4550,455,97.4,1.5,3490,414,74.7,5,973,243,20.8,4.7,6,13,0.1,0.3,0,11,0,0.6,0,11,0,0.6,0,11,0,0.6,0,11,0,0.6,31,56,0.7,1.2,0,11,0,0.6,0,11,0,0.6,0,11,0,0.6,0,11,0,0.6,0,11,0,0.6,0,11,0,0.6,31,56,0.7,1.2,0,11,0,0.6,0,11,0,0.6,0,11,0,0.6,0,11,0,0.6,0,11,0,0.6,50,84,1.1,1.8,123,73,2.6,1.5,34,35,0.7,0.7,0,11,0,0.6,46,36,1,0.8,0,11,0,0.6,4673,472,4673,(X),3601,437,77.1,5.2,1050,255,22.5,4.8,25,30,0.5,0.6,101,82,2.2,1.7,0,11,0,0.6,50,84,1.1,1.8,4673,472,4673,(X),805,301,17.2,6,435,282,9.3,5.9,10,16,0.2,0.3,0,11,0,0.6,360,237,7.7,4.9,3868,455,82.8,6,2768,352,59.2,5.7,945,235,20.2,4.5,6,13,0.1,0.3,31,56,0.7,1.2,0,11,0,0.6,0,11,0,0.6,118,71,2.5,1.4,0,11,0,0.6,118,71,2.5,1.4,2059,148,(X),(X),3378,377,3378,(X),1644,242,48.7,4,1734,223,51.3,4
1400000US17019010300,"Census Tract 103, Champaign County, Illinois",3420,456,3420,(X),1664,263,48.7,4.8,1756,296,51.3,4.8,94.8,18.1,(X),(X),251,113,7.3,3.1,358,129,10.5,3.2,267,90,7.8,2.3,580,229,17,5.8,245,99,7.2,2.7,330,127,9.6,3.6,495,152,14.5,3.9,426,114,12.5,3.1,154,63,4.5,2,99,56,2.9,1.6,158,59,4.6,1.8,52,32,1.5,1,5,9,0.1,0.3,25.1,2.7,(X),(X),1281,282,37.5,5,2510,346,73.4,5.1,2139,276,62.5,5,1947,261,56.9,5.7,243,67,7.1,2,215,58,6.3,1.8,2139,276,2139,(X),989,176,46.2,5.6,1150,190,53.8,5.6,86,19.1,(X),(X),215,58,215,(X),78,43,36.3,17.5,137,54,63.7,17.5,56.9,44,(X),(X),3420,456,3420,(X),3259,430,95.3,3.4,161,121,4.7,3.4,3259,430,95.3,3.4,2051,377,60,8.3,1119,316,32.7,8.3,0,11,0,0.9,0,11,0,0.9,0,11,0,0.9,0,11,0,0.9,0,11,0,0.9,51,54,1.5,1.5,0,11,0,0.9,2,5,0.1,0.1,13,21,0.4,0.6,0,11,0,0.9,0,11,0,0.9,0,11,0,0.9,36,49,1.1,1.4,0,11,0,0.9,0,11,0,0.9,0,11,0,0.9,0,11,0,0.9,0,11,0,0.9,38,66,1.1,1.9,161,121,4.7,3.4,119,112,3.5,3.1,0,11,0,0.9,34,33,1,0.9,0,11,0,0.9,3420,456,3420,(X),2204,405,64.4,8.4,1238,332,36.2,8.4,0,11,0,0.9,93,67,2.7,1.9,8,19,0.2,0.5,38,66,1.1,1.9,3420,456,3420,(X),263,148,7.7,4,177,128,5.2,3.7,42,64,1.2,1.8,0,11,0,0.9,44,51,1.3,1.5,3157,427,92.3,4,1834,359,53.6,8.5,1111,316,32.5,8.3,0,11,0,0.9,51,54,1.5,1.5,0,11,0,0.9,0,11,0,0.9,161,121,4.7,3.4,0,11,0,0.9,161,121,4.7,3.4,1389,113,(X),(X),2112,271,2112,(X),973,174,46.1,5.7,1139,190,53.9,5.7
1400000US17019010400,"Census Tract 104, Champaign County, Illinois",4637,300,4637,(X),2376,182,51.2,1.8,2261,163,48.8,1.8,105.1,7.8,(X),(X),235,61,5.1,1.3,247,48,5.3,1,292,59,6.3,1.2,181,58,3.9,1.1,329,100,7.1,2,476,81,10.3,1.7,543,74,11.7,1.5,692,98,14.9,1.8,333,54,7.2,1.2,324,68,7,1.5,549,75,11.8,1.6,315,70,6.8,1.5,121,69,2.6,1.4,45.3,2.7,(X),(X),905,94,19.5,1.4,3830,270,82.6,1.5,3732,241,80.5,1.4,3621,233,78.1,1.5,1191,148,25.7,3,985,138,21.2,2.7,3732,241,3732,(X),1881,140,50.4,1.8,1851,137,49.6,1.8,101.6,7.3,(X),(X),985,138,985,(X),439,48,44.6,4.3,546,108,55.4,4.3,80.4,14,(X),(X),4637,300,4637,(X),4591,295,99,0.6,46,27,1,0.6,4591,295,99,0.6,4511,292,97.3,0.8,67,34,1.4,0.7,5,6,0.1,0.1,2,4,0,0.1,0,11,0,0.6,0,11,0,0.6,0,11,0,0.6,8,11,0.2,0.2,0,11,0,0.6,0,11,0,0.6,8,11,0.2,0.2,0,11,0,0.6,0,11,0,0.6,0,11,0,0.6,0,11,0,0.6,0,11,0,0.6,0,11,0,0.6,0,11,0,0.6,0,11,0,0.6,0,11,0,0.6,0,11,0,0.6,46,27,1,0.6,26,17,0.6,0.4,3,4,0.1,0.1,10,15,0.2,0.3,0,11,0,0.6,4637,300,4637,(X),4554,298,98.2,0.8,93,39,2,0.8,8,7,0.2,0.2,18,18,0.4,0.4,7,7,0.2,0.1,3,4,0.1,0.1,4637,300,4637,(X),114,60,2.5,1.2,58,38,1.3,0.8,46,45,1,0.9,0,11,0,0.6,10,13,0.2,0.3,4523,274,97.5,1.2,4400,267,94.9,1.5,67,34,1.4,0.7,5,6,0.1,0.1,8,11,0.2,0.2,0,11,0,0.6,0,11,0,0.6,43,27,0.9,0.6,0,11,0,0.6,43,27,0.9,0.6,2181,76,(X),(X),3728,241,3728,(X),1877,140,50.3,1.8,1851,137,49.7,1.8
1400000US17019010500,"Census Tract 105, Champaign County, Illinois",4473,321,4473,(X),2198,207,49.1,2.7,2275,197,50.9,2.7,96.6,10.7,(X),(X),238,58,5.3,1.3,385,115,8.6,2.4,272,75,6.1,1.5,280,84,6.3,1.7,239,93,5.3,2.1,457,100,10.2,2.1,458,108,10.2,2.1,517,112,11.6,2.5,443,128,9.9,2.8,333,78,7.4,1.8,494,109,11,2.5,235,64,5.3,1.4,122,55,2.7,1.3,43.4,2.2,(X),(X),1065,158,23.8,2.5,3527,239,78.9,2.4,3408,226,76.2,2.5,3263,225,72.9,2.7,1015,124,22.7,2.8,851,105,19,2.4,3408,226,3408,(X),1724,139,50.6,2.5,1684,142,49.4,2.5,102.4,10.2,(X),(X),851,105,851,(X),431,84,50.6,6,420,62,49.4,6,102.6,25.1,(X),(X),4473,321,4473,(X),4415,314,98.7,1,58,47,1.3,1,4415,314,98.7,1,4398,316,98.3,1.1,7,10,0.2,0.2,0,11,0,0.7,0,11,0,0.7,0,11,0,0.7,0,11,0,0.7,0,11,0,0.7,6,9,0.1,0.2,0,11,0,0.7,0,11,0,0.7,0,11,0,0.7,0,11,0,0.7,6,9,0.1,0.2,0,11,0,0.7,0,11,0,0.7,0,11,0,0.7,0,11,0,0.7,0,11,0,0.7,0,11,0,0.7,0,11,0,0.7,4,7,0.1,0.1,58,47,1.3,1,0,11,0,0.7,6,10,0.1,0.2,18,21,0.4,0.5,0,11,0,0.7,4473,321,4473,(X),4427,312,99,1,12,14,0.3,0.3,11,13,0.2,0.3,53,46,1.2,1,29,41,0.6,0.9,4,7,0.1,0.1,4473,321,4473,(X),50,44,1.1,1,43,42,1,0.9,0,11,0,0.7,2,5,0,0.1,5,8,0.1,0.2,4423,324,98.9,1,4352,319,97.3,1.5,7,10,0.2,0.2,0,11,0,0.7,6,9,0.1,0.2,0,11,0,0.7,4,7,0.1,0.1,54,47,1.2,1,0,11,0,0.7,54,47,1.2,1,1879,100,(X),(X),3374,226,3374,(X),1716,138,50.9,2.5,1658,143,49.1,2.5
1400000US17019010601,"Census Tract 106.01, Champaign County, Illinois",6427,266,6427,(X),3098,224,48.2,2.8,3329,223,51.8,2.8,93.1,10.5,(X),(X),294,104,4.6,1.6,389,135,6.1,2.1,553,211,8.6,3.2,678,205,10.5,3.2,426,207,6.6,3.2,809,236,12.6,3.5,957,196,14.9,3.2,842,192,13.1,2.9,383,138,6,2.2,431,144,6.7,2.3,437,107,6.8,1.7,202,105,3.1,1.6,26,31,0.4,0.5,35.6,2.9,(X),(X),1686,241,26.2,3.5,5042,278,78.5,3.6,4741,277,73.8,3.5,4338,236,67.5,3.4,899,115,14,1.9,665,69,10.3,1.1,4741,277,4741,(X),2257,200,47.6,2.8,2484,184,52.4,2.8,90.9,10.4,(X),(X),665,69,665,(X),339,70,51,7.7,326,53,49,7.7,104,32.5,(X),(X),6427,266,6427,(X),6315,280,98.3,1.9,112,120,1.7,1.9,6315,280,98.3,1.9,6247,283,97.2,2,24,40,0.4,0.6,0,16,0,0.5,0,16,0,0.5,0,16,0,0.5,0,16,0,0.5,0,16,0,0.5,34,29,0.5,0.4,0,16,0,0.5,12,18,0.2,0.3,0,16,0,0.5,0,16,0,0.5,22,33,0.3,0.5,0,16,0,0.5,0,16,0,0.5,10,18,0.2,0.3,0,16,0,0.5,10,18,0.2,0.3,0,16,0,0.5,0,16,0,0.5,0,16,0,0.5,112,120,1.7,1.9,26,42,0.4,0.7,0,16,0,0.5,86,115,1.3,1.8,0,16,0,0.5,6427,266,6427,(X),6359,269,98.9,0.8,50,59,0.8,0.9,0,16,0,0.5,120,115,1.9,1.8,10,18,0.2,0.3,0,16,0,0.5,6427,266,6427,(X),440,258,6.8,4,263,173,4.1,2.7,122,183,1.9,2.8,0,16,0,0.5,55,72,0.9,1.1,5987,347,93.2,4,5817,346,90.5,4.2,24,40,0.4,0.6,0,16,0,0.5,34,29,0.5,0.4,0,16,0,0.5,0,16,0,0.5,112,120,1.7,1.9,0,16,0,0.5,112,120,1.7,1.9,2178,110,(X),(X),4623,276,4623,(X),2191,190,47.4,2.9,2432,197,52.6,2.9
1400000US17019010603,"Census Tract 106.03, Champaign County, Illinois",7068,285,7068,(X),3252,243,46,2.8,3816,240,54,2.8,85.2,9.6,(X),(X),743,175,10.5,2.4,662,162,9.4,2.2,464,143,6.6,2,351,125,5,1.7,416,169,5.9,2.4,846,216,12,3.1,930,188,13.2,2.5,674,173,9.5,2.4,576,197,8.1,2.8,497,171,7,2.4,547,161,7.7,2.3,246,121,3.5,1.7,116,68,1.6,1,35.8,2.8,(X),(X),2088,221,29.5,2.6,5104,257,72.2,2.8,4980,236,70.5,2.6,4645,254,65.7,3,1127,208,15.9,3,909,188,12.9,2.7,4980,236,4980,(X),2346,198,47.1,2.9,2634,176,52.9,2.9,89.1,10.5,(X),(X),909,188,909,(X),403,127,44.3,9.1,506,126,55.7,9.1,79.6,29.1,(X),(X),7068,285,7068,(X),6926,269,98,1.8,142,126,2,1.8,6926,269,98,1.8,6822,291,96.5,2.7,26,43,0.4,0.6,0,16,0,0.4,0,16,0,0.4,0,16,0,0.4,0,16,0,0.4,0,16,0,0.4,30,36,0.4,0.5,0,16,0,0.4,17,28,0.2,0.4,13,21,0.2,0.3,0,16,0,0.4,0,16,0,0.4,0,16,0,0.4,0,16,0,0.4,48,55,0.7,0.8,0,16,0,0.4,48,55,0.7,0.8,0,16,0,0.4,0,16,0,0.4,0,16,0,0.4,142,126,2,1.8,34,40,0.5,0.6,0,16,0,0.4,35,55,0.5,0.8,0,16,0,0.4,7068,285,7068,(X),6891,287,97.5,2.5,117,130,1.7,1.8,16,26,0.2,0.4,65,87,0.9,1.2,48,55,0.7,0.8,73,116,1,1.6,7068,285,7068,(X),308,173,4.4,2.4,136,162,1.9,2.3,0,16,0,0.4,79,130,1.1,1.8,93,102,1.3,1.4,6760,275,95.6,2.4,6603,291,93.4,3,26,43,0.4,0.6,0,16,0,0.4,30,36,0.4,0.5,32,52,0.5,0.7,0,16,0,0.4,69,67,1,0.9,0,16,0,0.4,69,67,1,0.9,3100,171,(X),(X),4887,262,4887,(X),2300,190,47.1,3,2587,202,52.9,3
1400000US17019010604,"Census Tract 106.04, Champaign County, Illinois",2390,200,2390,(X),1056,148,44.2,4.8,1334,158,55.8,4.8,79.2,15.7,(X),(X),120,65,5,2.5,134,80,5.6,3.3,36,26,1.5,1.1,184,88,7.7,3.5,82,62,3.4,2.5,144,72,6,3,244,68,10.2,2.7,372,99,15.6,3.9,253,95,10.6,4,179,77,7.5,3,415,108,17.4,4.6,164,68,6.9,2.7,63,47,2.6,2,52.2,3.3,(X),(X),362,92,15.1,3.5,2040,178,85.4,3.5,2028,180,84.9,3.5,1904,167,79.7,4.4,748,127,31.3,5.1,642,124,26.9,5.1,2028,180,2028,(X),910,126,44.9,4.3,1118,125,55.1,4.3,81.4,14.3,(X),(X),642,124,642,(X),306,74,47.7,6.9,336,78,52.3,6.9,91.1,25.4,(X),(X),2390,200,2390,(X),2311,205,96.7,2.1,79,49,3.3,2.1,2311,205,96.7,2.1,2241,208,93.8,3.8,6,11,0.3,0.5,0,11,0,1.2,0,11,0,1.2,0,11,0,1.2,0,11,0,1.2,0,11,0,1.2,64,52,2.7,2.1,28,40,1.2,1.6,0,11,0,1.2,2,3,0.1,0.1,34,38,1.4,1.6,0,11,0,1.2,0,11,0,1.2,0,11,0,1.2,0,11,0,1.2,0,11,0,1.2,0,11,0,1.2,0,11,0,1.2,0,11,0,1.2,0,11,0,1.2,79,49,3.3,2.1,0,11,0,1.2,19,16,0.8,0.7,47,44,2,1.9,0,11,0,1.2,2390,200,2390,(X),2320,195,97.1,2.2,19,24,0.8,1,32,26,1.3,1.1,111,92,4.6,3.8,0,11,0,1.2,0,11,0,1.2,2390,200,2390,(X),64,65,2.7,2.6,64,65,2.7,2.6,0,11,0,1.2,0,11,0,1.2,0,11,0,1.2,2326,174,97.3,2.6,2177,182,91.1,4.4,6,11,0.3,0.5,0,11,0,1.2,64,52,2.7,2.1,0,11,0,1.2,0,11,0,1.2,79,49,3.3,2.1,0,11,0,1.2,79,49,3.3,2.1,1172,97,(X),(X),1999,174,1999,(X),899,123,45,4.3,1100,121,55,4.3
1400000US17019010700,"Census Tract 107, Champaign County, Illinois",8007,254,8007,(X),4056,271,50.7,2.8,3951,237,49.3,2.8,102.7,11.2,(X),(X),576,136,7.2,1.7,624,151,7.8,1.8,600,154,7.5,1.9,406,148,5.1,1.9,499,149,6.2,1.8,740,153,9.2,1.9,1097,164,13.7,1.9,938,177,11.7,2.2,576,142,7.2,1.7,779,292,9.7,3.7,719,143,9,1.8,323,89,4,1.1,130,61,1.6,0.8,39.2,2.8,(X),(X),2115,223,26.4,2.7,6081,296,75.9,3,5892,283,73.6,2.7,5686,314,71,3.1,1641,221,20.5,2.9,1172,136,14.6,1.6,5892,283,5892,(X),2962,234,50.3,2.8,2930,204,49.7,2.8,101.1,11.5,(X),(X),1172,136,1172,(X),585,117,49.9,7.2,587,98,50.1,7.2,99.7,28.6,(X),(X),8007,254,8007,(X),7971,254,99.6,0.5,36,37,0.4,0.5,7971,254,99.6,0.5,7871,267,98.3,1.2,21,28,0.3,0.4,2,3,0,0.1,0,16,0,0.4,0,16,0,0.4,0,16,0,0.4,0,16,0,0.4,77,66,1,0.8,0,16,0,0.4,5,9,0.1,0.1,12,18,0.1,0.2,14,21,0.2,0.3,46,62,0.6,0.8,0,16,0,0.4,0,16,0,0.4,0,16,0,0.4,0,16,0,0.4,0,16,0,0.4,0,16,0,0.4,0,16,0,0.4,0,16,0,0.4,36,37,0.4,0.5,0,16,0,0.4,2,4,0,0.1,34,37,0.4,0.5,0,16,0,0.4,8007,254,8007,(X),7907,265,98.8,1,21,28,0.3,0.4,4,5,0,0.1,111,83,1.4,1,0,16,0,0.4,0,16,0,0.4,8007,254,8007,(X),73,75,0.9,0.9,45,61,0.6,0.8,2,4,0,0.1,0,16,0,0.4,26,38,0.3,0.5,7934,264,99.1,0.9,7798,279,97.4,1.6,21,28,0.3,0.4,2,3,0,0.1,77,66,1,0.8,0,16,0,0.4,0,16,0,0.4,36,37,0.4,0.5,0,16,0,0.4,36,37,0.4,0.5,2997,172,(X),(X),5875,278,5875,(X),2962,234,50.4,2.9,2913,201,49.6,2.9
1400000US17019010800,"Census Tract 108, Champaign County, Illinois",4614,236,4614,(X),2371,158,51.4,2.1,2243,150,48.6,2.1,105.7,9,(X),(X),255,83,5.5,1.8,344,58,7.5,1.2,409,124,8.9,2.5,185,46,4,1,214,67,4.6,1.4,479,97,10.4,2.1,564,102,12.2,2.1,632,111,13.7,2.3,313,62,6.8,1.4,390,73,8.5,1.7,446,96,9.7,2,279,55,6,1.2,104,61,2.3,1.3,40.8,4.1,(X),(X),1126,144,24.4,2.3,3560,161,77.2,2.4,3488,159,75.6,2.3,3402,158,73.7,2.3,1112,124,24.1,2.8,829,96,18,2,3488,159,3488,(X),1722,91,49.4,1.8,1766,109,50.6,1.8,97.5,6.8,(X),(X),829,96,829,(X),405,56,48.9,3.6,424,57,51.1,3.6,95.5,13.7,(X),(X),4614,236,4614,(X),4583,236,99.3,0.4,31,18,0.7,0.4,4583,236,99.3,0.4,4525,235,98.1,0.9,28,20,0.6,0.4,18,25,0.4,0.5,0,11,0,0.6,0,11,0,0.6,0,11,0,0.6,0,11,0,0.6,7,8,0.2,0.2,3,4,0.1,0.1,0,11,0,0.6,0,11,0,0.6,0,11,0,0.6,4,7,0.1,0.1,0,11,0,0.6,0,11,0,0.6,0,11,0,0.6,0,11,0,0.6,0,11,0,0.6,0,11,0,0.6,0,11,0,0.6,5,7,0.1,0.2,31,18,0.7,0.4,21,15,0.5,0.3,9,9,0.2,0.2,0,11,0,0.6,0,11,0,0.6,4614,236,4614,(X),4556,234,98.7,0.7,49,25,1.1,0.5,27,26,0.6,0.6,7,8,0.2,0.2,0,11,0,0.6,6,8,0.1,0.2,4614,236,4614,(X),43,27,0.9,0.6,17,16,0.4,0.4,5,7,0.1,0.2,0,11,0,0.6,21,22,0.5,0.5,4571,234,99.1,0.6,4493,232,97.4,1,26,20,0.6,0.4,18,25,0.4,0.5,7,8,0.2,0.2,0,11,0,0.6,0,11,0,0.6,27,17,0.6,0.4,1,2,0,0.1,26,16,0.6,0.4,1973,90,(X),(X),3483,159,3483,(X),1721,91,49.4,1.8,1762,109,50.6,1.8
1400000US17019010900,"Census Tract 109, Champaign County, Illinois",9366,313,9366,(X),4416,246,47.1,2.3,4950,289,52.9,2.3,89.2,8.3,(X),(X),456,112,4.9,1.2,517,131,5.5,1.3,703,150,7.5,1.5,660,159,7,1.7,902,321,9.6,3.4,869,185,9.3,2,1379,204,14.7,2.1,1259,185,13.4,1.9,598,138,6.4,1.5,616,137,6.6,1.4,894,119,9.5,1.2,370,113,4,1.2,143,74,1.5,0.8,39.3,1.5,(X),(X),2051,233,21.9,2.2,7591,279,81,2.4,7315,278,78.1,2.2,6850,322,73.1,2.6,1778,186,19,1.8,1407,161,15,1.6,7315,278,7315,(X),3451,219,47.2,2.7,3864,268,52.8,2.7,89.3,9.9,(X),(X),1407,161,1407,(X),708,110,50.3,4.8,699,100,49.7,4.8,101.3,19.5,(X),(X),9366,313,9366,(X),9100,333,97.2,2,266,184,2.8,2,9100,333,97.2,2,8748,361,93.4,2.8,154,115,1.6,1.2,13,17,0.1,0.2,0,16,0,0.3,0,16,0,0.3,0,16,0,0.3,0,16,0,0.3,169,118,1.8,1.2,41,62,0.4,0.7,59,66,0.6,0.7,0,16,0,0.3,41,56,0.4,0.6,28,42,0.3,0.4,0,16,0,0.3,0,16,0,0.3,13,21,0.1,0.2,0,16,0,0.3,13,21,0.1,0.2,0,16,0,0.3,0,16,0,0.3,3,5,0,0.1,266,184,2.8,2,36,48,0.4,0.5,0,16,0,0.3,132,118,1.4,1.3,0,16,0,0.3,9366,313,9366,(X),9014,324,96.2,1.6,190,123,2,1.3,13,17,0.1,0.2,309,172,3.3,1.8,100,139,1.1,1.5,14,16,0.1,0.2,9366,313,9366,(X),234,163,2.5,1.7,232,163,2.5,1.7,0,16,0,0.3,0,16,0,0.3,2,4,0,0.1,9132,300,97.5,1.7,8615,367,92,3.1,154,115,1.6,1.2,13,17,0.1,0.2,169,118,1.8,1.2,13,21,0.1,0.2,0,16,0,0.3,168,127,1.8,1.4,0,16,0,0.3,168,127,1.8,1.4,3877,269,(X),(X),7193,276,7193,(X),3397,226,47.2,2.8,3796,267,52.8,2.8
1400000US17019011000,"Census Tract 110, Champaign County, Illinois",4463,650,4463,(X),2450,346,54.9,5.3,2013,438,45.1,5.3,121.7,26.5,(X),(X),141,109,3.2,2.4,97,86,2.2,2,8,17,0.2,0.4,71,80,1.6,1.8,828,444,18.6,8.1,1486,336,33.3,6.9,589,171,13.2,3.9,380,151,8.5,3.5,175,97,3.9,2.2,323,107,7.2,2.6,265,104,5.9,2.6,57,53,1.3,1.2,43,69,1,1.5,30.5,2.8,(X),(X),300,162,6.7,3.5,4217,626,94.5,3.2,4163,615,93.3,3.5,4146,615,92.9,3.6,569,195,12.7,4.8,365,163,8.2,3.8,4163,615,4163,(X),2227,311,53.5,5.3,1936,425,46.5,5.3,115,24.9,(X),(X),365,163,365,(X),150,75,41.1,17.4,215,130,58.9,17.4,69.8,56.2,(X),(X),4463,650,4463,(X),4233,623,94.8,4.6,230,212,5.2,4.6,4233,623,94.8,4.6,3463,675,77.6,6.9,543,213,12.2,5.1,36,55,0.8,1.3,0,11,0,0.7,0,11,0,0.7,0,11,0,0.7,0,11,0,0.7,153,91,3.4,2.1,101,65,2.3,1.5,0,11,0,0.7,0,11,0,0.7,0,11,0,0.7,22,37,0.5,0.8,0,11,0,0.7,30,49,0.7,1.1,0,11,0,0.7,0,11,0,0.7,0,11,0,0.7,0,11,0,0.7,0,11,0,0.7,38,44,0.9,1,230,212,5.2,4.6,163,199,3.7,4.4,11,17,0.2,0.4,43,53,1,1.2,0,11,0,0.7,4463,650,4463,(X),3680,716,82.5,6.4,706,241,15.8,5.3,60,59,1.3,1.4,196,114,4.4,2.7,0,11,0,0.7,51,49,1.1,1.2,4463,650,4463,(X),206,124,4.6,2.6,134,93,3,1.9,8,13,0.2,0.3,0,11,0,0.7,64,59,1.4,1.3,4257,598,95.4,2.6,3339,598,74.8,6.2,512,207,11.5,4.9,36,55,0.8,1.3,153,91,3.4,2.1,0,11,0,0.7,0,11,0,0.7,217,210,4.9,4.6,0,11,0,0.7,217,210,4.9,4.6,2903,182,(X),(X),3931,613,3931,(X),2091,314,53.2,5.4,1840,413,46.8,5.4
1400000US17019011100,"Census Tract 111, Champaign County, Illinois",2440,329,2440,(X),1602,291,65.7,7.9,838,219,34.3,7.9,191.2,68,(X),(X),45,62,1.8,2.5,0,11,0,1.2,0,11,0,1.2,148,109,6.1,4.3,1370,312,56.1,8.9,615,164,25.2,6.7,98,43,4,1.8,95,52,3.9,2.1,6,11,0.2,0.4,42,32,1.7,1.3,21,19,0.9,0.8,0,11,0,1.2,0,11,0,1.2,23.7,0.5,(X),(X),58,64,2.4,2.6,2395,324,98.2,2.5,2382,319,97.6,2.6,1956,278,80.2,7.3,43,29,1.8,1.2,21,19,0.9,0.8,2382,319,2382,(X),1544,295,64.8,8.3,838,219,35.2,8.3,184.2,68.5,(X),(X),21,19,21,(X),14,15,66.7,48,7,12,33.3,48,200,694.8,(X),(X),2440,329,2440,(X),2288,328,93.8,4.6,152,116,6.2,4.6,2288,328,93.8,4.6,1173,332,48.1,9.4,132,67,5.4,2.7,0,11,0,1.2,0,11,0,1.2,0,11,0,1.2,0,11,0,1.2,0,11,0,1.2,893,200,36.6,9.4,162,106,6.6,4.3,537,151,22,7.4,23,23,0.9,0.9,0,11,0,1.2,100,58,4.1,2.2,0,11,0,1.2,71,67,2.9,2.7,79,131,3.2,5.2,0,11,0,1.2,79,131,3.2,5.2,0,11,0,1.2,0,11,0,1.2,11,17,0.5,0.7,152,116,6.2,4.6,0,11,0,1.2,0,11,0,1.2,77,44,3.2,1.8,66,106,2.7,4.3,2440,329,2440,(X),1259,344,51.6,9.6,207,124,8.5,5,75,107,3.1,4.3,970,199,39.8,9.4,79,131,3.2,5.2,11,17,0.5,0.7,2440,329,2440,(X),184,97,7.5,3.7,68,56,2.8,2.3,6,10,0.2,0.4,0,11,0,1.2,110,73,4.5,2.8,2256,301,92.5,3.7,1000,304,41,9.2,132,67,5.4,2.7,0,11,0,1.2,893,200,36.6,9.4,79,131,3.2,5.2,0,11,0,1.2,152,116,6.2,4.6,0,11,0,1.2,152,116,6.2,4.6,1280,99,(X),(X),1547,373,1547,(X),1041,315,67.3,12.5,506,225,32.7,12.5