,geoid10,namelsad10,min_max_ex,min_max_sens,min_max_ac,vul_score_mulpi,vul_score_add
0,17031842400,Census Tract 8424,0.048248676,0.706865844,0.407631014,0.0144376843943717,0.3474835056323316
1,17031840300,Census Tract 8403,0.039394013,0.564159521,0.421610824,0.0056155652232275,0.1819427099539405
2,17031841100,Census Tract 8411,0.067778461,0.499805528,0.394389113,0.007144962357638,0.1731948760219877
3,17031841200,Census Tract 8412,0.050262287,0.64453592,0.445493076,0.0100043484781276,0.2493051307382348
4,17031839000,Census Tract 8390,0.012753489,0.476544639,0.485045052,-0.000108409926219,0.0042530760439257
5,17031838200,Census Tract 8382,0.032997267,0.483796538,0.442647266,0.0013578135153748,0.0741465389858322
6,17031650301,Census Tract 6503.01,0.074124355,0.601626651,0.342658717,0.01919583112506,0.3330922889200739
7,17031530503,Census Tract 5305.03,0.047485469,0.721420343,0.31874476,0.0191212387579062,0.4501610523160066
8,17031760803,Census Tract 7608.03,0.04913617,0.44659086,0.365105786,0.0040038644619724,0.1306212440713869
9,17031030601,Census Tract 306.01,0.064191722,0.541837479,0.454162516,0.0056280068711032,0.1518666853859379
10,17031030604,Census Tract 306.04,0.043797242,0.542473778,0.424209353,0.0051796556013764,0.1620616667011402
11,17031020801,Census Tract 208.01,0.036978537,0.497514224,0.429180902,0.0025268662743745,0.1053118590784886
12,17031540102,Census Tract 5401.02,0.190234416,0.890006218,0.361392807,0.1005604635930657,0.7188478271521552
13,17031843300,Census Tract 8433,0.045175602,0.67078763,0.478417175,0.008690451156003,0.2375460572226149
14,17031540101,Census Tract 5401.01,0.183207073,0.821229845,0.335761316,0.0889412680697269,0.6686756017419762
15,17031440201,Census Tract 4402.01,0.080164547,0.754890957,0.439860431,0.0252542794182001,0.3951950726261845
16,17031080202,Census Tract 802.02,0.015225717,0.450280784,0.493212734,-0.0006536697341096,-0.0277062320472877
17,17031070102,Census Tract 701.02,0.024981869,0.423741541,0.488118922,-0.0016082673341623,-0.0393955117698474
18,17031031501,Census Tract 315.01,0.062621772,0.617463947,0.440999579,0.0110505114268038,0.2390861402575117
19,17031031502,Census Tract 315.02,0.085126562,0.605978723,0.494824673,0.0094621621692455,0.1962806123653803
20,17031834900,Census Tract 8349,0.153595582,0.836166911,0.414058607,0.0648339706463133,0.57570388602295
21,17031834800,Census Tract 8348,0.143669614,0.711704626,0.447615336,0.0379416063578313,0.407758903904809
22,17031160502,Census Tract 1605.02,0.036276593,0.695455102,0.44362635,0.0091354891894724,0.2881053452719722
23,17031140702,Census Tract 1407.02,0.035573165,0.597955548,0.42883904,0.0060160095097545,0.2046896733599605
24,17031842000,Census Tract 8420,0.010918516,0.458975305,0.494214546,-0.0003847601994744,-0.0243207250416299
25,17031150402,Census Tract 1504.02,0.047756298,0.42904429,0.418940015,0.0004825427329544,0.0578605723119939
26,17031834400,Census Tract 8344,0.037536006,0.728886944,0.398071681,0.0124174837795937,0.3683512690945252
27,17031040201,Census Tract 402.01,0.025266803,0.479180032,0.429528983,0.0012545232925776,0.0749178523492251
28,17031040202,Census Tract 402.02,0.046058507,0.513285924,0.443104917,0.0032324323905984,0.1162395138203629
29,17031020702,Census Tract 207.02,0.043916332,0.57585851,0.420762178,0.0068112620689625,0.1990126646290194
30,17031020802,Census Tract 208.02,0.047511881,0.56308811,0.423675012,0.0066237785184607,0.1869249790626256
31,17031020301,Census Tract 203.01,0.031885832,0.5518556,0.426621652,0.0039931886813704,0.1571197804472061
32,17031838700,Census Tract 8387,0.094534521,0.736290265,0.424991475,0.0294284821458986,0.4058333119359779
33,17031020601,Census Tract 206.01,0.057534297,0.530019118,0.439454361,0.0052105796283911,0.148099053942994
34,17031841500,Census Tract 8415,0.074151313,0.72630002,0.460672586,0.0196966231416471,0.3397787478442295
35,17031838600,Census Tract 8386,0.156857818,0.795489638,0.448870522,0.0543699181413167,0.503476933670506
36,17031837300,Census Tract 8373,0.086971443,0.732077501,0.436159381,0.0257364258342851,0.3828895625840885
37,17031020602,Census Tract 206.02,0.036131368,0.606702447,0.412900604,0.0070023257214702,0.2299332113045668
38,17031063301,Census Tract 633.01,0.031811689,0.502043387,0.500274491,5.627156430010077e-05,0.033580584433649
39,17031837800,Census Tract 8378,0.036386742,0.699585089,0.483806853,0.0078514671090431,0.2521649784857643
40,17031837400,Census Tract 8374,0.06170927,0.70035402,0.472478476,0.0140620335644726,0.289584814782494
41,17031836900,Census Tract 8369,0.086690357,0.615605809,0.437461034,0.0154434341310758,0.2648351319063876
42,17031020302,Census Tract 203.02,0.021427042,0.511928851,0.475506138,0.0007804309811173,0.0578497543166497
43,17031020902,Census Tract 209.02,0.052458636,0.53401878,0.3873417,0.0076944796266913,0.1991357166199442
44,17031010701,Census Tract 107.01,0.035182079,0.546687349,0.383055778,0.0057568988508772,0.1988136503708256
45,17031030103,Census Tract 301.03,0.03534373,0.451032102,0.481284386,-0.0010692285653124,0.0050914461763446
46,17031063303,Census Tract 633.03,0.016521532,0.543716788,0.519544724,0.000399359529355,0.040693596056243
47,17031030102,Census Tract 301.02,0.053343002,0.518437841,0.448894265,0.0037096631436081,0.1228865785904321
48,17031010502,Census Tract 105.02,0.057911843,0.58307611,0.465922256,0.0067845955946452,0.1750656969517516
49,17031010503,Census Tract 105.03,0.131851612,0.596704712,0.473091918,0.0162985461871007,0.2554644062580212
50,17031010702,Census Tract 107.02,0.049712401,0.644065941,0.443462005,0.0099725033660073,0.2503163370159617
51,17031837100,Census Tract 8371,0.128200657,0.717123609,0.441031989,0.0353951271817418,0.4042922778989089
52,17031837000,Census Tract 8370,0.078756943,0.741984557,0.50829283,0.0184048459964635,0.3124486700528994
53,17031010201,Census Tract 102.01,0.048273966,0.654069013,0.428269092,0.0109002576193582,0.2740738863190964
54,17031020901,Census Tract 209.01,0.040586094,0.608894296,0.38932231,0.0089115692475617,0.260158079946458
55,17031040401,Census Tract 404.01,0.011576646,0.486721081,0.449463628,0.0004313163461662,0.0488340990940061
56,17031210602,Census Tract 2106.02,0.024914848,0.535061403,0.483860444,0.0012756641020181,0.0761158067172374
57,17031160501,Census Tract 1605.01,0.033471352,0.417209782,0.450146928,-0.0011024507698926,0.000534206305532
58,17031191302,Census Tract 1913.02,0.110594793,0.565581193,0.470164873,0.0105525481769157,0.2060111131386606
59,17031190602,Census Tract 1906.02,0.083803739,0.536445092,0.427955422,0.0090918399973851,0.1922934091535633
60,17031840200,Census Tract 8402,0.029903613,0.498343497,0.417919031,0.0024049821064547,0.1103280794712839
61,17031530501,Census Tract 5305.01,0.048753939,0.705589735,0.391551443,0.0153106038621339,0.3627922314126465
62,17031020701,Census Tract 207.01,0.0420259,0.47359677,0.419654517,0.0022669717330808,0.0959681530411344
63,17031831400,Census Tract 8314,0.076610223,0.664836881,0.430759366,0.0179327306779839,0.3106877379811905
64,17031831300,Census Tract 8313,0.049373243,0.521166336,0.520608469,2.754370114495593e-05,0.0499311103793463
65,17031010501,Census Tract 105.01,0.057306118,0.549488062,0.479166172,0.0040298745414706,0.1276280082906079
66,17031833000,Census Tract 8330,0.00644925,0.485280974,0.429175367,0.0003618390870056,0.0625548562164793
67,17031760801,Census Tract 7608.01,0.030479214,0.472755995,0.45047061,0.0006792409952883,0.0527645981633495
68,17031252101,Census Tract 2521.01,0.167196571,0.774544507,0.453150774,0.0537359301057808,0.4885903043266436
69,17031252102,Census Tract 2521.02,0.053680992,0.732970331,0.435252917,0.0159817660063432,0.351398405502266
70,17031252202,Census Tract 2522.02,0.085383026,0.767072442,0.441443031,0.0278032243311009,0.4110124368219452
71,17031220601,Census Tract 2206.01,0.024471272,0.470112093,0.425947943,0.0010807529188365,0.0686354219924717
72,17031210502,Census Tract 2105.02,0.037015939,0.596220604,0.459362424,0.0050659340367212,0.1738741189888201
73,17031220602,Census Tract 2206.02,0.040678626,0.480525483,0.481908864,-5.627401894743722e-05,0.0392952452385081
74,17031220901,Census Tract 2209.01,0.04476473,0.576954187,0.389828172,0.0083766455702832,0.2318907452671716
75,17031220902,Census Tract 2209.02,0.037696883,0.502909135,0.424120685,0.0029700789643022,0.1164853328650588
76,17031200401,Census Tract 2004.01,0.110920867,0.669923343,0.349110222,0.0355848695323586,0.4317339876634732
77,17031200402,Census Tract 2004.02,0.095069196,0.646770571,0.388907798,0.024514806502009,0.3529319688431476
78,17031191301,Census Tract 1913.01,0.044479934,0.666536814,0.443699285,0.0099117985592852,0.267317463065562
79,17031190601,Census Tract 1906.01,0.080271884,0.574808306,0.451051697,0.009934176135152,0.2040284927126209
80,17031190701,Census Tract 1907.01,0.052716396,0.603562414,0.434289596,0.0089234528250194,0.2219892129469746
81,17031190702,Census Tract 1907.02,0.054599375,0.660091641,0.424773216,0.0128482389849256,0.2899178008755919
82,17031190401,Census Tract 1904.01,0.070384409,0.529876438,0.439874478,0.0063347347114934,0.1603863682658471
83,17031190402,Census Tract 1904.02,0.036752742,0.571398031,0.435942024,0.0049783796623046,0.172208749045177
84,17031832100,Census Tract 8321,0.022613599,0.507466461,0.484272578,0.0005244971652642,0.0458074818292081
85,17031843800,Census Tract 8438,0.066560415,0.591015636,0.452924773,0.0091913851099159,0.2046512777030454
86,17031842800,Census Tract 8428,0.065740493,0.729081199,0.439952917,0.0190074358908839,0.3548687752328279
87,17031351500,Census Tract 3515,0.163241611,0.627291049,0.435911906,0.0312410394685693,0.3546207531721549
88,17031980100,Census Tract 9801,,0.097360613,,0.0,0.0973606131570861
89,17031833300,Census Tract 8333,0.037332968,0.524851963,0.453566607,0.0026612939308984,0.1086183242071147
90,17031832900,Census Tract 8329,0.030736577,0.479964351,0.422273716,0.0017732126742026,0.0884272126884453
91,17031838000,Census Tract 8380,0.092971525,0.739315738,0.471544729,0.0248950791963843,0.360742534614805
92,17031838100,Census Tract 8381,0.173286201,0.704100283,0.45204477,0.04367774218727,0.4253417134717788
93,17031030706,Census Tract 307.06,0.051126361,0.492464764,0.513890435,-0.0010954165508869,0.0297006906345028
94,17031381500,Census Tract 3815,0.142329336,0.815000087,0.466665886,0.0495781754704147,0.4906635372721315
95,17031833100,Census Tract 8331,0.006088165,0.476106032,0.478206851,-1.2790131959905993e-05,0.0039873465191218
96,17031839100,Census Tract 8391,0.015217255,0.442771816,0.695450948,-0.0038450828326215,-0.2374618768193853
97,17031081201,Census Tract 812.01,0.015127504,0.477518019,0.501665481,-0.0003652908371002,-0.009019957412798
98,17031150401,Census Tract 1504.01,0.029142752,0.491705659,0.440787613,0.001483891993065,0.0800607981220277
99,17031150501,Census Tract 1505.01,0.057072258,0.467299973,0.371827417,0.0054488343529729,0.1525448139130021
100,17031843000,Census Tract 8430,0.134550776,0.770124999,0.463520603,0.0412538593255728,0.4411551713746705
101,17031842900,Census Tract 8429,0.137448671,0.715459564,0.396921433,0.0437826426267216,0.4559868012359908
102,17031842100,Census Tract 8421,0.055516994,0.661766162,0.42081827,0.0133767027739782,0.2964648865953569
103,17031841900,Census Tract 8419,0.010015093,0.45226278,0.554942555,-0.001028347549513,-0.0926646821908576
104,17031080201,Census Tract 802.01,0.014332689,0.441533649,0.493294075,-0.0007418660931356,-0.0374277370733646
105,17031070101,Census Tract 701.01,0.025355409,0.507203626,0.480426806,0.0006789372329544,0.0521322293892108
106,17031081202,Census Tract 812.02,0.005865478,0.466075486,0.47231248,-3.658295111643834e-05,-0.0003715168736981
107,17031040402,Census Tract 404.02,0.02030921,0.466107764,0.46410494,4.067575612297285e-05,0.022312033492663
108,17031220702,Census Tract 2207.02,0.032056432,0.546246645,0.405240553,0.0045201522387842,0.1730625236320463
109,17031140301,Census Tract 1403.01,0.042247455,0.597258217,0.471462253,0.0053145593701461,0.1680434191859132
110,17031842200,Census Tract 8422,0.020647267,0.471194203,0.511892579,-0.0008403102384366,-0.0200511091752861
111,17031843700,Census Tract 8437,0.010530724,0.485849869,0.425895241,0.0006313656377412,0.070485351537223
112,17031835000,Census Tract 8350,0.089859823,0.759885751,0.432107127,0.0294541291419361,0.4176384468849603
113,17031842300,Census Tract 8423,0.007140974,0.451541748,0.525119159,-0.0005254144031491,-0.0664364373100366
114,17031230200,Census Tract 2302,0.035957391,0.577036759,0.463123546,0.0040960218990217,0.1498706036093522
115,17031835100,Census Tract 8351,0.113068339,0.701481421,0.445851875,0.0289036082501273,0.3686978855213699
116,17031834700,Census Tract 8347,0.116649686,0.741787057,0.423436345,0.0371355106954176,0.4350003980727702
117,17031151001,Census Tract 1510.01,0.027685302,0.591746479,0.335646428,0.0070902071957119,0.2837853525993107
118,17031151002,Census Tract 1510.02,0.033147257,0.431319062,0.425198315,0.0002028859729935,0.0392680037526574
119,17031160602,Census Tract 1606.02,0.03046731,0.602834934,0.414353538,0.0057425211479286,0.2189487063021326
120,17031140601,Census Tract 1406.01,0.050553303,0.535439186,0.451943751,0.0042209700687052,0.1340487386044054
121,17031140701,Census Tract 1407.01,0.026513147,0.495831195,0.442925596,0.0014026939535806,0.0794187467230713
122,17031140602,Census Tract 1406.02,0.028766492,0.600669589,0.385013846,0.0062036591848423,0.244422234872359
123,17031390500,Census Tract 3905,0.047115049,0.651257768,0.374715984,0.0130292795849662,0.3236568320127004
124,17031841800,Census Tract 8418,0.068916889,0.768541708,0.480902816,0.0198231776278276,0.3565557812019169
125,17031842500,Census Tract 8425,0.260042965,0.8232961,0.334427253,0.1271269043612002,0.7489118117750004
126,17031842600,Census Tract 8426,0.024935209,0.507049817,0.418821723,0.0021999859595728,0.1131633024581334
127,17031843500,Census Tract 8435,0.084544677,0.488724596,0.372119742,0.0098583197319519,0.2011495310484543
128,17031843400,Census Tract 8434,0.087777134,0.686086679,0.475537072,0.0184814411325262,0.298326741115022
129,17031140302,Census Tract 1403.02,0.024115076,0.443467477,0.382010811,0.0014820322049787,0.0855717426737802
130,17031110501,Census Tract 1105.01,0.050210533,0.471302002,0.428873717,0.0021303468338222,0.092638818660977
131,17031390400,Census Tract 3904,0.09581221,0.729096512,0.43284527,0.0283844862703878,0.3920634523486181
132,17031843200,Census Tract 8432,0.04998152,0.595211513,0.524496163,0.0035344606658082,0.1206968697608162
133,17031840800,Census Tract 8408,0.066767237,0.736916122,0.394608626,0.0228549255599218,0.4090747321708239
134,17031110502,Census Tract 1105.02,0.033658428,0.47120331,0.446545481,0.0008299437983101,0.0583162581753941
135,17031760802,Census Tract 7608.02,0.094878031,0.412473742,0.323849019,0.0084085392700756,0.1835027545751198
136,17031150502,Census Tract 1505.02,0.070302625,0.549010565,0.439812573,0.0076769054930786,0.179500617159189
137,17031843100,Census Tract 8431,0.121599827,0.738151981,0.477504717,0.0316946621195314,0.3822470904164781
138,17031834300,Census Tract 8343,0.04965515,0.748940359,0.382859884,0.0181777810491618,0.4157356250077519
139,17031843900,Census Tract 8439,0.076147179,0.716881352,0.468924308,0.0188812293855463,0.3241042225548242
140,17031831200,Census Tract 8312,0.060270003,0.589908383,0.431118328,0.0095702770436622,0.2190600577077151
141,17031831600,Census Tract 8316,0.09944921,0.553333696,0.419395963,0.0133200017131901,0.2333869428009151
142,17031831500,Census Tract 8315,0.077368682,0.561494373,0.45849024,0.0079692940386776,0.1803728153005073
143,17031831100,Census Tract 8311,0.034888577,0.519775695,0.424255155,0.0033325756638737,0.1304091162709321
144,17031831700,Census Tract 8317,0.034645483,0.535042068,0.504119673,0.0010713213163136,0.0655678781944985
145,17031271500,Census Tract 2715,0.059548594,0.753097942,0.429258406,0.0192841892138411,0.3833881305892292
146,17031440202,Census Tract 4402.02,0.069298116,0.732363582,0.412178205,0.0221882434119704,0.3894834926307872
147,17031440102,Census Tract 4401.02,0.073348281,0.704374258,0.415977688,0.0211533926421745,0.3617448513052775
148,17031430102,Census Tract 4301.02,0.078832272,0.763009303,0.448918275,0.0247605093219931,0.392923299985301
149,17031030702,Census Tract 307.02,0.029799968,0.539332355,0.514694491,0.0007342075607029,0.0544378320725484
150,17031030603,Census Tract 306.03,0.051074362,0.49511286,0.439938854,0.0028179771321088,0.1062483675543543
151,17031030701,Census Tract 307.01,0.05777633,0.548432814,0.477543393,0.00409573056522,0.1286657506996205
152,17031836300,Census Tract 8363,0.037138799,0.622423313,0.44539041,0.0065747894009994,0.2141717020806063
153,17031838300,Census Tract 8383,0.016624059,0.539582642,0.4678422,0.0011926173654562,0.0883645015284732
154,17031839800,Census Tract 8398,0.032913681,0.459271719,0.426510715,0.0010782852116874,0.0656746842944713
155,17031836600,Census Tract 8366,0.048115714,0.595419553,0.446953672,0.0071435418606704,0.1965815950095866
156,17031730202,Census Tract 7302.02,0.033757789,0.674006669,0.25513136,0.0141403042446407,0.452633097915269
157,17031430101,Census Tract 4301.01,0.070727285,0.757019046,0.440853966,0.0223614975620623,0.3868923642901399
158,17031063302,Census Tract 633.02,0.019129731,0.426021597,0.520782723,-0.0018127548181001,-0.0756313949711104
159,17031836200,Census Tract 8362,,0.420424375,0.453836959,-0.0,-0.0334125841817207
160,17031071400,Census Tract 714,0.011160474,0.493902123,0.504562305,-0.0001189726848731,0.0005002924825937
161,17031840100,Census Tract 8401,0.042462064,0.448480258,0.409925003,0.0016371357291875,0.081017319567647
162,17031580502,Census Tract 5805.02,0.060148507,0.66461121,0.397404727,0.0160720709647407,0.32735498953353
163,17031841400,Census Tract 8414,0.054981285,0.640293162,0.421483701,0.0120304253999284,0.2737907468506155
164,17031081401,Census Tract 814.01,0.018247198,0.506796739,0.515517023,-0.0001591207396834,0.0095269143327016
165,17031081403,Census Tract 814.03,0.010895748,0.434261608,0.564538727,-0.0014194666229255,-0.1193813713068215
166,17031030703,Census Tract 307.03,0.05118262,0.522441185,0.485166497,0.0019078161528319,0.0884573071363849
167,17031836000,Census Tract 8360,0.026135201,0.764148517,0.413819177,0.0091559276784439,0.376464541113378
168,17031835800,Census Tract 8358,0.028871368,0.742517006,0.456829657,0.0082481845761621,0.3145587168043162
169,17031835900,Census Tract 8359,0.124917857,0.743984554,0.424237706,0.0399420910591021,0.4446647046944996
170,17031834500,Census Tract 8345,0.076369595,0.684703841,0.422834511,0.0199988546428705,0.3382389247861722
171,17031843600,Census Tract 8436,0.058179773,0.688315791,0.415059808,0.0158979710024717,0.3314357564861462
172,17031580501,Census Tract 5805.01,0.057251348,0.66413369,0.431236917,0.0133336541980888,0.2901481207460147
173,17031834600,Census Tract 8346,0.096417894,0.670622327,0.428357562,0.0233586583585854,0.338682658416434
174,17031831800,Census Tract 8318,0.040397784,0.507347686,0.459645033,0.0019270814533487,0.0881004364772994
175,17031071600,Census Tract 716,0.003663748,0.502723098,0.450070225,0.0001929068505726,0.0563166201449895
176,17031832600,Census Tract 8326,0.004129154,0.441550721,0.434431005,2.9398409408619235e-05,0.011248871071647
177,17031061901,Census Tract 619.01,0.028102081,0.47613047,0.4753409,2.218856332627872e-05,0.0288916515004029
178,17031839900,Census Tract 8399,0.027876779,0.495439378,0.440437876,0.0015332647362697,0.0828782816461984
179,17031030104,Census Tract 301.04,0.061791454,0.452532079,0.482504168,-0.0018520189159773,0.0318193653419548
180,17031770602,Census Tract 7706.02,0.06883192,0.540818891,0.347058489,0.0133369006036629,0.2625923228754337
181,17031839700,Census Tract 8397,0.036145741,0.530641732,0.379906393,0.0054484405604049,0.1868810803465996
182,17031835200,Census Tract 8352,0.03909555,0.581407833,0.528738816,0.0020591241684096,0.0917645664446692
183,17031833900,Census Tract 8339,0.077799627,0.72467703,0.486919946,0.0184974125880533,0.3155567117346464
184,17031836800,Census Tract 8368,0.211242578,0.736765401,0.427349743,0.0653617612218524,0.5206582358507855
185,17031838800,Census Tract 8388,0.100605892,0.786543307,0.400179251,0.0388705003392534,0.4869699476251357
186,17031836700,Census Tract 8367,0.085269944,0.684328568,0.457362238,0.0193534063039926,0.3122362742658837
187,17031832200,Census Tract 8322,0.013672205,0.446720696,0.438866062,0.0001073901652796,0.0215268390666851
188,17031252201,Census Tract 2522.01,0.07129931,0.711087005,0.424802436,0.0204118921888084,0.3575838787418146
189,17031831000,Census Tract 8310,0.003793537,0.441357788,0.451172223,-3.723142852779879e-05,-0.00602089806117
190,17031832400,Census Tract 8324,0.01499429,0.471431967,0.453125565,0.0002744915043931,0.0333006921906494
191,17031070103,Census Tract 701.03,0.032893496,0.438144388,0.485471435,-0.0015567520564059,-0.0144335509702919
192,17031220701,Census Tract 2207.01,0.026820727,0.493890753,0.409567583,0.0022616086747291,0.1111438959153791
193,17031841600,Census Tract 8416,0.104638463,0.692461235,0.440434613,0.0263716783156548,0.3566650849040164
194,17031770902,Census Tract 7709.02,0.073743341,0.423175189,0.359023955,0.0047307263292714,0.1378945750567761
195,17031660301,Census Tract 6603.01,0.105141594,0.717664514,0.47516521,0.0254967634141311,0.3476408982519066
196,17031660302,Census Tract 6603.02,0.076722909,0.709085661,0.412908207,0.0227235959626981,0.3729003631148338
197,17031301802,Census Tract 3018.02,0.073969935,0.723669874,0.404482719,0.023610253215415,0.393157090745307
198,17031834000,Census Tract 8340,0.051041542,0.74006721,0.323499092,0.0212622790639135,0.4676096600234111
199,17031834200,Census Tract 8342,0.029808896,0.74048125,0.438690063,0.0089960621003477,0.3316000831650023
200,17031730201,Census Tract 7302.01,0.091041017,0.717301632,0.333054675,0.0349822337064106,0.4752879735620553
201,17031835500,Census Tract 8355,0.113298152,0.763228977,0.451952341,0.0352670675632072,0.4245747877431484
202,17031839500,Census Tract 8395,0.127640091,0.667620247,0.458580264,0.0266818826079507,0.336680074967755
203,17031839200,Census Tract 8392,0.069499597,0.663442736,0.489120554,0.0121153214130534,0.2438217793474613
204,17031530502,Census Tract 5305.02,0.035660762,0.716048522,0.264135054,0.0161155787008372,0.4875742301863641
205,17031840400,Census Tract 8404,0.046820809,0.528929197,0.461500374,0.003157072065148,0.1142496325329883
206,17031841000,Census Tract 8410,0.016450283,0.568396593,0.529826869,0.0006344828712409,0.0550200066329831
207,17031030101,Census Tract 301.01,0.045038918,0.527350609,0.451600411,0.0034117069079455,0.1207891151856566
208,17031700302,Census Tract 7003.02,0.067265044,0.637690644,0.355709369,0.0189674829147052,0.3492463189712857
209,17031700402,Census Tract 7004.02,0.063156761,0.679226243,0.3489205,0.0208610408076735,0.3934625041770687
210,17031700401,Census Tract 7004.01,0.069056804,0.681862637,0.356431942,0.0224732036829719,0.3944874987871709
211,17031830500,Census Tract 8305,0.131827708,0.719548644,0.424883431,0.0388450397768106,0.4264929217488974
212,17031841700,Census Tract 8417,0.139026416,0.793830135,0.43872842,0.0493685186392251,0.494128130641353
213,17031640100,Census Tract 6401,0.053971521,0.544917073,0.402051102,0.0077106937805341,0.1968374917441415
214,17031840700,Census Tract 8407,0.053491852,0.733293928,0.451969043,0.0150485891901449,0.33481673785421
215,17031841300,Census Tract 8413,0.041462143,0.646080548,0.437920143,0.0086307765703016,0.2496225489785808
216,17031301801,Census Tract 3018.01,0.064554881,0.67925075,0.35098144,0.0211913861477723,0.3928241906529888
217,17031060800,Census Tract 608,0.019201725,0.429095039,0.514261709,-0.0016353470186683,-0.0659649447209783
218,17031832300,Census Tract 8323,0.011920717,0.461944821,0.47558476,-0.0001625978409491,-0.0017192220073675
219,17031832500,Census Tract 8325,0.005291658,0.477135511,0.420960741,0.000297257666296,0.0614664281887913
220,17031832000,Census Tract 8320,0.009536622,0.44873098,0.492905694,-0.0004212775709811,-0.0346380922026111
221,17031160601,Census Tract 1606.01,0.027496127,0.505056213,0.41624355,0.0024420043011963,0.1163087903585667
222,17031210501,Census Tract 2105.01,0.042407711,0.541876542,0.458297693,0.0035443876922853,0.1259865602398558
223,17031210601,Census Tract 2106.01,0.024274033,0.524099521,0.438145,0.0020864628365092,0.1102285534749552
224,17031081300,Census Tract 813,0.01529379,0.509835875,0.515697929,-8.965301920910417e-05,0.0094317359514005
225,17031700502,Census Tract 7005.02,0.039425221,0.696606572,0.320402725,0.0148319198362031,0.4156290682137771
226,17031836100,Census Tract 8361,0.102524871,0.75346014,0.402106706,0.0360224655480753,0.4538783048606571
227,17031835700,Census Tract 8357,0.044783777,0.748780788,,0.0335332320860618,0.7935645655744971
228,17031061100,Census Tract 611,0.010294662,0.428097717,0.469909873,-0.0004304420106648,-0.0315174935150938
229,17031836400,Census Tract 8364,0.089219092,0.756777731,0.392144242,0.0325322687006088,0.4538525808443105
230,17031836500,Census Tract 8365,0.051258322,0.698491717,0.426997275,0.0139163495558922,0.3227527644070317
231,17031839600,Census Tract 8396,0.076004612,0.728870659,0.455201546,0.0208001147398046,0.3496737253220372
232,17031840000,Census Tract 8400,0.049570211,0.481288765,0.404827698,0.0037901911763802,0.1260312772357527
233,17031835600,Census Tract 8356,0.115170765,0.684799717,0.481921748,0.0233656107671767,0.3180487332770301
234,17031830800,Census Tract 8308,0.022386036,0.440633131,0.43734124,7.36923998884429e-05,0.0256779276639308
235,17031460301,Census Tract 4603.01,0.070176023,0.784784567,0.381077466,0.0283305587853489,0.4738831238698918
236,17031301701,Census Tract 3017.01,0.077155136,0.765954753,0.448095006,0.0245245119654508,0.3950148825217023
237,17031310400,Census Tract 3104,0.021503313,0.594872252,0.408087677,0.0040164871445393,0.2082878877430513
238,17031530100,Census Tract 5301,0.0657584,0.71823949,0.424947337,0.0192864226037414,0.3590505523067241
239,17031081100,Census Tract 811,0.021057004,0.488528643,0.510666026,-0.000466146952738,-0.0010803794498394
240,17031150700,Census Tract 1507,0.022303862,0.559444825,0.42619495,0.0029719867779461,0.1555537362630428
241,17031301702,Census Tract 3017.02,0.050481531,0.695116539,0.449206757,0.0124139023491414,0.2963913130353061
242,17031700301,Census Tract 7003.01,0.063158301,0.647355318,0.328110771,0.0201629433058974,0.3824028485057558
243,17031490902,Census Tract 4909.02,0.046316862,0.756266951,0.434410353,0.0149073875140174,0.368173459372152
244,17031061800,Census Tract 618,0.025875607,0.482820447,0.515616583,-0.0008486198855976,-0.0069205285485128
245,17031490901,Census Tract 4909.01,0.066085652,0.717547991,0.450245322,0.0176648712437473,0.3333883210196165
246,17031650302,Census Tract 6503.02,0.094693338,0.666341773,0.365669145,0.0284716949011155,0.3953659665135501
247,17031831900,Census Tract 8319,0.007864256,0.442970058,0.457369849,-0.0001132436459368,-0.0065355345420624
248,17031830600,Census Tract 8306,0.048234436,0.590509864,0.47046677,0.0057902109993734,0.1682775308042149
249,17031830900,Census Tract 8309,0.016165712,0.433426617,0.478963286,-0.0007361326853682,-0.0293709557391285
250,17031830700,Census Tract 8307,0.040524089,0.587500402,0.474374107,0.0045843400582723,0.1536503842458964
251,17031300900,Census Tract 3009,0.082217994,0.749831017,0.404343189,0.0284053162997581,0.4277058228711135
252,17031700501,Census Tract 7005.01,0.068008305,0.63421424,0.347983804,0.0194660468508506,0.3542387410267937
253,17031460302,Census Tract 4603.02,0.087628088,0.715671091,0.312461821,0.0353324573508819,0.490837357803924
254,17031431302,Census Tract 4313.02,0.079475681,0.793257355,0.425718636,0.0292103900211496,0.4470143996457966
255,17031222900,Census Tract 2229,0.039673296,0.506271106,0.375542495,0.0051864348959015,0.1704019070314826
256,17031431301,Census Tract 4313.01,0.088657972,0.72672722,0.382605526,0.0305091315679588,0.4327796656759848
257,17031440101,Census Tract 4401.01,0.117674725,0.745185938,0.404707993,0.0400656485629487,0.4581526702614847
258,17031301803,Census Tract 3018.03,0.073076384,0.671349943,0.39591713,0.0201276339585596,0.3485091965760359
259,17031310200,Census Tract 3102,0.024783489,0.60110805,0.436980797,0.0040676459490981,0.1889107414614623
260,17031310300,Census Tract 3103,0.042643321,0.599048883,0.445036042,0.0065676189397952,0.1966561612263964
261,17031310500,Census Tract 3105,0.048570811,0.623239852,0.383069028,0.0116652916901271,0.2887416343986099
262,17031510300,Census Tract 5103,0.088272182,0.759564607,0.445807701,0.0276960066490894,0.4020290877570828
263,17031491400,Census Tract 4914,0.074944773,0.758200253,0.424995398,0.0249719621105581,0.4081496273124567
264,17031500200,Census Tract 5002,0.084777627,0.761130569,0.396627206,0.0309017302880041,0.449280990349768
265,17031530200,Census Tract 5302,0.056907735,0.744411815,0.393939361,0.0199445934395704,0.4073801887591084
266,17031740100,Census Tract 7401,0.044382996,0.44776279,0.401532046,0.0020518589522556,0.0906137405796838
267,17031140500,Census Tract 1405,0.03044033,0.541810186,0.398244155,0.0043701974121452,0.1740063615640927
268,17031140800,Census Tract 1408,0.026342702,0.534226603,0.41770975,0.0030693687584364,0.1428595555471886
269,17031301100,Census Tract 3011,0.0758199,0.702191055,0.405925964,0.0224627895895308,0.3720849912332389
270,17031150200,Census Tract 1502,0.026375844,0.541035332,0.457999655,0.0021901360404197,0.1094115208547918
271,17031150300,Census Tract 1503,0.055357222,0.475919404,0.437603703,0.0021210508059535,0.093672923843306
272,17031301200,Census Tract 3012,0.06567526,0.765165711,0.432480465,0.0218491900267754,0.3983605057531281
273,17031740400,Census Tract 7404,0.052056217,0.451679066,0.357147538,0.0049209538071349,0.1465877461511352
274,17031020400,Census Tract 204,0.027380826,0.56974625,0.42556526,0.0039477945807943,0.171561816328467
275,17031640300,Census Tract 6403,0.069307074,0.526131879,0.399747977,0.0087592983604336,0.1956909751085412
276,17031640600,Census Tract 6406,0.04038639,0.569605089,0.419893439,0.0060463130999761,0.1900980394698387
277,17031010400,Census Tract 104,0.054849318,0.478016062,0.480398137,-0.0001306551700535,0.0524672429693771
278,17031071800,Census Tract 718,0.00601224,0.504062818,0.430166238,0.0004442839622978,0.0799088203526881
279,17031160300,Census Tract 1603,0.037332731,0.483719632,0.418899445,0.0024199145998368,0.1021529178438252
280,17031310700,Census Tract 3107,0.035125025,0.589806458,0.446564196,0.0050313879852012,0.1783672862651658
281,17031071500,Census Tract 715,0.015346755,0.464573705,0.485802672,-0.0003257957573329,-0.0058822116466418
282,17031071700,Census Tract 717,0.000826357,0.491046951,0.433387332,4.764745674811296e-05,0.0584859758372934
283,17031671200,Census Tract 6712,0.104412704,0.692831552,0.401018061,0.0304690357577928,0.3962261956379881
284,17031670500,Census Tract 6705,0.11185355,0.718743864,0.459645477,0.0289810742950282,0.3709519366694386
285,17031670600,Census Tract 6706,0.087503963,0.720607638,0.423849756,0.0259674908428112,0.3842618451771339
286,17031670700,Census Tract 6707,0.094211363,0.799625131,0.418273903,0.0359276189064828,0.4755625902978304
287,17031670800,Census Tract 6708,0.105833343,0.706376278,0.377977525,0.0347555376336801,0.4342320948464936
288,17031670900,Census Tract 6709,0.075060784,0.743717095,0.393094446,0.0263180107949926,0.4256834327059792
289,17031671100,Census Tract 6711,0.074213209,0.744796061,0.410139618,0.0248359284647477,0.4088696515391431
290,17031671300,Census Tract 6713,0.091896854,0.719986237,0.386118806,0.0306813665523802,0.4257642853062964
291,17031671400,Census Tract 6714,0.101484935,0.715996457,0.406181612,0.0314415393685168,0.411299779583774
292,17031671500,Census Tract 6715,0.094809088,0.706831647,0.453565483,0.0240119340010804,0.3480752519813931
293,17031671600,Census Tract 6716,0.13962206,0.714351297,0.404142782,0.04331195193905,0.4498305752408713
294,17031670100,Census Tract 6701,0.093346396,0.727330219,0.414329292,0.0292175084757314,0.4063473233315452
295,17031230500,Census Tract 2305,0.104394107,0.658620567,0.434555869,0.023391034115025,0.328458805382149
296,17031230600,Census Tract 2306,0.057597013,0.637906494,0.438906435,0.0114618089277466,0.2565970716186376
297,17031240600,Census Tract 2406,0.012652516,0.547955522,0.444128888,0.0013136681536869,0.1164791498837646
298,17031241000,Census Tract 2410,0.026050807,0.506074181,0.412020018,0.0024501868627644,0.1201049701968068
299,17031191000,Census Tract 1910,0.083116938,0.553632676,0.447957392,0.0087834060716604,0.1887922225446389
300,17031080300,Census Tract 803,0.005373542,0.438610138,0.451836384,-7.107178748475981e-05,-0.0078527053574853
301,17031300800,Census Tract 3008,0.078261725,0.814285535,0.427590426,0.0302634263761826,0.4649568340968171
302,17031650200,Census Tract 6502,0.089449795,0.623833641,0.395597568,0.020415669875314,0.3176858677873325
303,17031660500,Census Tract 6605,0.065275463,0.767928104,0.376924209,0.0255229602601194,0.456279357460007
304,17031221400,Census Tract 2214,0.019183339,0.514256372,0.444698355,0.0013343550049154,0.0887413558011578
305,17031161000,Census Tract 1610,0.017132136,0.492240953,0.429414607,0.0010763495053411,0.0799584819507461
306,17031340600,Census Tract 3406,0.201089093,0.876911425,0.384501366,0.099018291942915,0.6934991511404536
307,17031240500,Census Tract 2405,0.003947264,0.484342941,0.453797445,0.0001205711285735,0.0344927601264996
308,17031240700,Census Tract 2407,0.019524988,0.51374985,0.421926238,0.0017928549098519,0.111348599381482
309,17031240800,Census Tract 2408,0.040008393,0.521269561,0.427862007,0.0037370861013975,0.1334159465737214
310,17031240900,Census Tract 2409,0.056693084,0.544184643,0.485601102,0.0033212816218573,0.1152766251997586
311,17031241100,Census Tract 2411,0.021964671,0.520092452,0.453334943,0.0014663067016705,0.0887221796158027
312,17031190300,Census Tract 1903,0.091817104,0.569864868,0.420086121,0.0137522507969289,0.2415958510555731
313,17031190800,Census Tract 1908,0.040569753,0.623258147,0.410140386,0.0086461348946394,0.2536875140287249
314,17031190900,Census Tract 1909,0.03958821,0.611897307,0.426003484,0.0073592036561701,0.2254820323147021
315,17031191100,Census Tract 1911,0.038283874,0.617775958,0.426310985,0.0073300209991757,0.2297488475472612
316,17031191200,Census Tract 1912,0.043905584,0.680348437,0.425699336,0.011180517595236,0.2985546854626584
317,17031080100,Census Tract 801,0.007114614,0.474399876,0.46500451,6.684439299053122e-05,0.0165099787777112
318,17031080400,Census Tract 804,0.052320307,0.636770315,0.410483679,0.0118393863560822,0.2786069439391027
319,17031081000,Census Tract 810,0.027778585,0.464576885,0.523402816,-0.0016341011071439,-0.0310473458787877
320,17031150600,Census Tract 1506,0.065256087,0.516215664,0.42995292,0.0056291691501339,0.1515188312549443
321,17031301600,Census Tract 3016,0.084258761,0.779333146,0.420567148,0.0302291785767445,0.4430247587421008
322,17031020500,Census Tract 205,0.051342801,0.574977369,0.304072291,0.0139090253978672,0.3222478784110899
323,17031821402,Census Tract 8214.02,0.047113069,0.676428697,0.460226092,0.0101859682984291,0.2633156742384054
324,17031750300,Census Tract 7503,0.040214293,0.45117513,0.367232099,0.0033757097075717,0.1241573252282969
325,17031640800,Census Tract 6408,0.089212415,0.617141265,0.390230917,0.0202432201226092,0.3161227624014621
326,17031750100,Census Tract 7501,0.048564416,0.682518825,0.331307213,0.0170563869212529,0.3997760287258314
327,17031740200,Census Tract 7402,0.037691871,0.448344144,0.354789761,0.0035262396835649,0.1312462533183213
328,17031650400,Census Tract 6504,0.084443373,0.621476792,0.405553888,0.0182332582798546,0.3003662766280833
329,17031650500,Census Tract 6505,0.029191542,0.641025182,0.327186298,0.0091614410630172,0.3430304262279376
330,17031660600,Census Tract 6606,0.093030173,0.736342909,0.436953279,0.0278522691676014,0.3924198034109353
331,17031221100,Census Tract 2211,0.029578569,0.520801375,0.458892878,0.0018311647294502,0.0914870658381309
332,17031221300,Census Tract 2213,0.027686456,0.543863711,0.43609216,0.0029838122582592,0.1354580061826452
333,17031221500,Census Tract 2215,0.03243106,0.50383452,0.415227346,0.0028736246108335,0.1210382343777109
334,17031020100,Census Tract 201,0.046228893,0.570200611,0.424067579,0.0067555682837043,0.1923619243409708
335,17031221600,Census Tract 2216,0.005505346,0.508886699,0.402769443,0.0005842121846556,0.1116226016229475
336,17031160800,Census Tract 1608,0.033034869,0.534887881,0.434326648,0.003322027099531,0.1335961011417954
337,17031160900,Census Tract 1609,0.02154864,0.463302281,0.400669451,0.0013496522691776,0.0841814689788292
338,17031222800,Census Tract 2228,0.042632339,0.566807291,0.422882205,0.0061358631017573,0.1865574252033033
339,17031161100,Census Tract 1611,0.024482687,0.499736034,0.436372096,0.0015513194389817,0.0878466242649322
340,17031161200,Census Tract 1612,0.026215724,0.487007833,0.383729783,0.0027075088254525,0.1294937741166753
341,17031161300,Census Tract 1613,0.043114818,0.527061115,0.479845756,0.0020356815721272,0.0903301761642064
342,17031650100,Census Tract 6501,0.047180282,0.637548332,0.416662787,0.0104214423745947,0.2680658275285832
343,17031330200,Census Tract 3302,0.017708139,0.536178088,0.500735298,0.0006276258627634,0.0531509291791861
344,17031420600,Census Tract 4206,0.120099836,0.789158992,0.456394228,0.039964993541837,0.4528645998468511
345,17031420700,Census Tract 4207,0.136767398,0.766651171,0.43763339,0.0449989057367833,0.4657851785021539
346,17031661000,Census Tract 6610,0.063765962,0.684997716,0.395372424,0.018468235223589,0.3533912530706162
347,17031823304,Census Tract 8233.04,0.09420354,0.5732872,0.28610439,0.0270536373876115,0.3813863500687162
348,17031010100,Census Tract 101,0.07289356,0.603174818,0.416152402,0.0136327298018101,0.2599159767245694
349,17031230300,Census Tract 2303,0.04237552,0.586611176,0.420086454,0.0070565716086495,0.2089002411351757
350,17031640400,Census Tract 6404,0.076461342,0.509392518,0.368423972,0.0107786441923637,0.2174298879795773
351,17031640500,Census Tract 6405,0.049122534,0.495617966,0.41880527,0.0037732343145201,0.125935230610212
352,17031640700,Census Tract 6407,0.081130741,0.565505923,0.409352574,0.0126688369192317,0.2372840902119339
353,17031151200,Census Tract 1512,0.056232162,0.540500992,0.418044463,0.0068859953780071,0.1786886912369534
354,17031310800,Census Tract 3108,0.037028304,0.630630714,0.443952781,0.0069123672916995,0.2237062370304277
355,17031660400,Census Tract 6604,0.102451343,0.635155007,0.41830273,0.0222168069409946,0.3193036195434456
356,17031670400,Census Tract 6704,0.087086153,0.724028809,0.415215207,0.0268933886957029,0.39589975532178
357,17031340400,Census Tract 3404,0.044576599,0.447533577,0.434796014,0.0005677972698608,0.0573141626813061
358,17031420800,Census Tract 4208,0.058179773,0.762142209,0.421497861,0.0198186106800693,0.3988241202231177
359,17031421200,Census Tract 4212,0.133672182,0.792166107,0.443732236,0.046575915796034,0.4821060528944987
360,17031661100,Census Tract 6611,0.076711265,0.683918573,0.40061873,0.0217322892898466,0.3600111077705525
361,17031222500,Census Tract 2225,0.018086153,0.539576867,0.439895531,0.0018028519135204,0.1177674890789221
362,17031190200,Census Tract 1902,0.076994592,0.590334406,0.420747294,0.0130572905269683,0.2465817042683792
363,17031390600,Census Tract 3906,0.040902871,0.56693635,0.398208879,0.0069014379455015,0.2096303414878397
364,17031010300,Census Tract 103,0.054735527,0.568496392,0.466656006,0.0055742871902574,0.1565759131176508
365,17031010600,Census Tract 106,0.042016312,0.561672807,0.446500637,0.0048391098916104,0.1571884830658415
366,17031020200,Census Tract 202,0.043657337,0.558230672,0.403237581,0.0067665856249108,0.1986504287296934
367,17031150800,Census Tract 1508,0.075680855,0.500065549,0.429535584,0.0053377680265822,0.1462108196266551
368,17031151100,Census Tract 1511,0.076089543,0.521206928,0.427588194,0.0071234067347822,0.1697082775913152
369,17031230100,Census Tract 2301,0.036545395,0.496650181,0.436807176,0.0021869862558959,0.0963883998166548
370,17031160100,Census Tract 1601,0.025955727,0.528167903,0.383660106,0.0037508049431688,0.1704635236843544
371,17031160200,Census Tract 1602,0.049719561,0.503929813,0.37089114,0.0066146244630369,0.1827582341488257
372,17031160400,Census Tract 1604,0.030024303,0.513468449,0.411478046,0.0030621907295506,0.1320147058134379
373,17031310600,Census Tract 3106,0.046888425,0.601307666,0.451674822,0.0070160484341337,0.1965212691169292
374,17031310900,Census Tract 3109,0.053647441,0.682480521,0.450938242,0.0124216506414029,0.2851897192205613
375,17031320400,Census Tract 3204,0.002752659,0.379509388,0.621957395,-0.0006673767039753,-0.2396953483784398
376,17031061500,Census Tract 615,0.009196437,0.442359305,0.459955722,-0.0001618243314995,-0.0083999803277586
377,17031320600,Census Tract 3206,0.015610415,0.465067143,0.548171233,-0.001297289320437,-0.0674936755035071
378,17031740300,Census Tract 7403,0.02924099,0.442651769,0.345205401,0.0028494283120788,0.1266873586710556
379,17031660700,Census Tract 6607,0.101159322,0.770696791,0.405143793,0.0369790933861293,0.4667123198190824
380,17031222700,Census Tract 2227,0.027676611,0.5203648,0.481055413,0.0010879506376427,0.0669859988015181
381,17031221200,Census Tract 2212,0.014951405,0.426597605,0.448081762,-0.0003212183261093,-0.0065327514154597
382,17031160700,Census Tract 1607,0.027178561,0.502578063,0.405088664,0.0026496215617905,0.12466795952453
383,17031222200,Census Tract 2222,0.005284302,0.493739739,0.478920108,7.831140457820991e-05,0.0201039327144889
384,17031340500,Census Tract 3405,0.10723436,0.579590898,0.377918968,0.021626160294057,0.3089062897428707
385,17031330100,Census Tract 3301,0.010282856,0.499449331,0.569997302,-0.0007254346138639,-0.0602651142099186
386,17031340300,Census Tract 3403,0.071392754,0.582538338,0.363953432,0.0156053784138452,0.289977659583197
387,17031350400,Census Tract 3504,0.181692912,0.82924356,0.33306883,0.090151431813305,0.677867642803628
388,17031750500,Census Tract 7505,0.034912487,0.654298238,0.352048472,0.0105522909355814,0.3371622528814595
389,17031750400,Census Tract 7504,0.041995106,0.530573887,0.279641277,0.0105379414805394,0.2929277157773386
390,17031750200,Census Tract 7502,0.020324355,0.623266024,0.360513935,0.0053402666614066,0.2830764436056333
391,17031430200,Census Tract 4302,0.108181288,0.765801445,0.421137242,0.0372862174503174,0.4528454909095193
392,17031660800,Census Tract 6608,0.067352455,0.706631617,0.423825212,0.0190477057474523,0.3501588603330576
393,17031660900,Census Tract 6609,0.071698944,0.705180991,0.413014887,0.0209480009698975,0.363865046941366
394,17031670200,Census Tract 6702,0.090537509,0.734977481,0.434206441,0.0272310608497191,0.3913085491483348
395,17031670300,Census Tract 6703,0.117464104,0.717939518,0.416079982,0.0354576601017352,0.4193236409457241
396,17031222600,Census Tract 2226,0.022526378,0.509053946,0.406965961,0.0022996725372381,0.1246143631375411
397,17031230400,Census Tract 2304,0.03725674,0.610930243,0.425546454,0.0069067956982238,0.2226405295550122
398,17031170400,Census Tract 1704,0.070655578,0.522893368,0.411642031,0.0078605274613834,0.1819069144215102
399,17031380700,Census Tract 3807,0.051511524,0.632731997,0.383924667,0.0128164448127496,0.300318854280917
400,17031381900,Census Tract 3819,0.040100085,0.66283132,0.449574598,0.0085516127858916,0.2533568076015494
401,17031390200,Census Tract 3902,0.016416206,0.645775721,0.32136395,0.0053256104145855,0.3408279773086285
402,17031171000,Census Tract 1710,0.053764592,0.478817243,0.407824134,0.0038169155719786,0.1247577015943147
403,17031180100,Census Tract 1801,0.078891449,0.53112245,0.416747733,0.0090231871327901,0.1932661656221856
404,17031390300,Census Tract 3903,0.106558909,0.778216457,0.437551164,0.0363009217939642,0.4472242014499156
405,17031390700,Census Tract 3907,0.032755275,0.63355459,0.448146064,0.0060731071654182,0.2181638004655895
406,17031400300,Census Tract 4003,0.090107512,0.745387403,0.472544352,0.0245852083917552,0.3629505624830524
407,17031400400,Census Tract 4004,0.063152448,0.780768616,0.403520486,0.0238241427586343,0.4404005774479449
408,17031400500,Census Tract 4005,0.111300401,0.744850747,0.419753486,0.0361834555751763,0.4363976622637111
409,17031400800,Census Tract 4008,0.132619265,0.755879542,0.434407124,0.0426334359565791,0.4540916835717509
410,17031410100,Census Tract 4101,0.043575348,0.597520986,0.464552977,0.005794127234871,0.1765433565902926
411,17031440300,Census Tract 4403,0.035877312,0.702152243,0.413477044,0.0103568902188079,0.3245525111359778
412,17031440700,Census Tract 4407,0.053563431,0.67631712,0.424262785,0.0135008950326246,0.3056177664058119
413,17031430800,Census Tract 4308,0.045163499,0.696021795,0.412779282,0.0127922228650633,0.3284060116908944
414,17031671800,Census Tract 6718,0.081136197,0.760042566,0.391402872,0.029910022951518,0.4497758914639404
415,17031680500,Census Tract 6805,0.10710688,0.730881402,0.41794775,0.0335173471789987,0.4200405319546884
416,17031681100,Census Tract 6811,0.118216802,0.781789409,0.426708363,0.0419765457052664,0.4732978482401448
417,17031200100,Census Tract 2001,0.036427274,0.528204747,0.350224352,0.0064833407120908,0.214407669741718
418,17031410200,Census Tract 4102,0.052313457,0.541319518,0.471709063,0.0036415635443968,0.1219239118461923
419,17031680600,Census Tract 6806,0.083747169,0.814030174,0.421389435,0.0328825503965031,0.4763879076220542
420,17031170600,Census Tract 1706,0.064031081,0.420989837,0.338523991,0.0052803772843709,0.1464969274101007
421,17031380500,Census Tract 3805,0.129190408,0.773733965,0.459252236,0.0406280229209294,0.4436721373546105
422,17031381700,Census Tract 3817,,0.106712987,,0.0,0.106712987327348
423,17031430300,Census Tract 4303,0.140115008,0.843402638,0.416667056,0.0597920595901448,0.5668505906110624
424,17031430700,Census Tract 4307,0.098108217,0.736468067,0.501486599,0.0230536130024852,0.3330896859054557
425,17031430900,Census Tract 4309,0.059949009,0.749276619,0.40442649,0.020673423511606,0.4047991382632618
426,17031431200,Census Tract 4312,0.03507447,0.695070991,0.435560087,0.0091022075444751,0.2945853744819752
427,17031431400,Census Tract 4314,0.079061773,0.70088265,0.496709972,0.0161422539765395,0.2832344510208046
428,17031230800,Census Tract 2308,0.082484546,0.676120214,0.372378507,0.0250539968369778,0.3862262531038685
429,17031231100,Census Tract 2311,0.066148188,0.690611158,0.397025342,0.0194201699264149,0.3597340052024581
430,17031170900,Census Tract 1709,0.064128027,0.53877706,0.426382443,0.00720764503263,0.1765226440714576
431,17031210100,Census Tract 2101,0.022551782,0.546738021,0.453024499,0.0021134069664864,0.1162653048019283
432,17031420200,Census Tract 4202,0.081495729,0.711436543,0.41583718,0.0240900855403377,0.377095092044953
433,17031420300,Census Tract 4203,0.058372056,0.525707914,0.505848927,0.0011592099050124,0.0782310433025869
434,17031440600,Census Tract 4406,0.025155767,0.748332497,0.418001942,0.0083097185852673,0.3554863228710497
435,17031440800,Census Tract 4408,0.100160705,0.795341231,0.461511356,0.0334366356735421,0.4339905798724833
436,17031440900,Census Tract 4409,0.083752803,0.747902687,0.397269713,0.0293664944445228,0.4343857772906855
437,17031560400,Census Tract 5604,0.074440197,0.644941349,0.427490218,0.0161871051125824,0.2918913281559037
438,17031450300,Census Tract 4503,0.04046983,0.719708955,0.430160316,0.0117179842667628,0.3300184690065332
439,17031671900,Census Tract 6719,0.042902025,0.701031349,0.387715751,0.0134418735720172,0.3562176233465308
440,17031672000,Census Tract 6720,0.059555617,0.718690696,0.411939118,0.0182687796408548,0.3663071955092267
441,17031680900,Census Tract 6809,0.164836956,0.800982373,0.379071776,0.0695464584156915,0.5867475524273819
442,17031681000,Census Tract 6810,0.157514523,0.802946222,0.422297226,0.0599577449210388,0.5381635181840145
443,17031240200,Census Tract 2402,0.004188739,0.435729512,0.452536386,-7.039960801262854e-05,-0.0126181351223598
444,17031240300,Census Tract 2403,0.007613245,0.447016687,0.447218639,-1.5375145831329784e-06,0.0074112926091375
445,17031200200,Census Tract 2002,0.0486574,0.590739615,0.421341532,0.0082424703599246,0.2180554835002767
446,17031410500,Census Tract 4105,0.036953856,0.576342202,0.437570521,0.0051281487303815,0.1757255368197522
447,17031410600,Census Tract 4106,0.050951932,0.559939573,0.430048465,0.006618202889029,0.1808430398628151
448,17031170100,Census Tract 1701,0.040518613,0.441097996,0.377499504,0.0025769226602195,0.1041171044883251
449,17031170200,Census Tract 1702,0.062320397,0.489223951,0.436089376,0.0033113677816445,0.1154549715059341
450,17031170300,Census Tract 1703,0.066273451,0.493343565,0.339729467,0.0101805363510677,0.219887548727191
451,17031381800,Census Tract 3818,0.059211369,0.708606874,0.427196505,0.0166626931450766,0.3406217378918788
452,17031170500,Census Tract 1705,0.047288217,0.49640644,0.357823829,0.0065533245785261,0.1858708278814922
453,17031351400,Census Tract 3514,0.154134507,0.817535078,0.391312722,0.0656955727000011,0.5803568628740909
454,17031381200,Census Tract 3812,0.062197638,0.747961121,0.457996029,0.0180351438633668,0.3521627298029752
455,17031381400,Census Tract 3814,0.055663083,0.688929138,0.439226269,0.0138992315829325,0.3053659523309785
456,17031390100,Census Tract 3901,0.024017732,0.657661634,0.358011804,0.0071969092886816,0.3236675613647216
457,17031430400,Census Tract 4304,0.069475645,0.728604023,0.38786327,0.0236731836154008,0.410216398131173
458,17031430500,Census Tract 4305,0.129593304,0.810685516,0.443580119,0.0475744011733859,0.4966987004660204
459,17031430600,Census Tract 4306,0.066933968,0.726630342,0.391897642,0.0224049878366026,0.4016666677559747
460,17031230700,Census Tract 2307,0.056468288,0.62078322,0.450430643,0.009619518338684,0.2268208651934083
461,17031230900,Census Tract 2309,0.037842789,0.579584429,0.443411852,0.0051531500566362,0.1740153657563897
462,17031231200,Census Tract 2312,0.069967129,0.733522795,0.426345839,0.0214922897405803,0.3771440849104384
463,17031170700,Census Tract 1707,0.065822915,0.478887214,0.366650013,0.0073877797881854,0.1780601165154896
464,17031170800,Census Tract 1708,0.071430511,0.455945345,0.370103528,0.0061317247978498,0.1572723273142338
465,17031171100,Census Tract 1711,0.06371711,0.518361113,0.427746477,0.0057737027360801,0.1543317461938699
466,17031190100,Census Tract 1901,0.056867571,0.603536224,0.430648607,0.0098316987347983,0.2297551869147259
467,17031242200,Census Tract 2422,0.009877422,0.480164047,0.453059635,0.0002677217266356,0.0369818344924527
468,17031200300,Census Tract 2003,0.092671857,0.621912506,0.454401671,0.0155235401687602,0.2601826923301867
469,17031210400,Census Tract 2104,0.043653295,0.57519714,0.424628168,0.0065728317740952,0.1942222669756108
470,17031220300,Census Tract 2203,0.016504216,0.449098104,0.441077031,0.0001323815154018,0.0245252885009095
471,17031210700,Census Tract 2107,0.029558782,0.583868071,0.392250064,0.0056639948441575,0.2211767884913611
472,17031210800,Census Tract 2108,0.034571648,0.514255703,0.442572899,0.0024781926475872,0.1062544516468439
473,17031210900,Census Tract 2109,0.017327779,0.499834742,0.457806438,0.0007282571886978,0.0593560837614158
474,17031420100,Census Tract 4201,0.146490882,0.780379019,0.472065541,0.0451651134901982,0.4548043605774017
475,17031420400,Census Tract 4204,0.184625229,0.706573243,0.449694659,0.0474262673534579,0.4415038126528251
476,17031420500,Census Tract 4205,0.084767099,0.743545421,0.474050044,0.0228443412312141,0.3542624754407477
477,17031691300,Census Tract 6913,0.054546393,0.742642527,0.439368203,0.0165425206040161,0.3578207174311308
478,17031031700,Census Tract 317,0.036645222,0.504248747,0.452371864,0.0019010399230437,0.0885221055907992
479,17031470100,Census Tract 4701,0.092771665,0.681640515,0.395692882,0.0265278381023709,0.3787192982008356
480,17031480100,Census Tract 4801,0.03155729,0.691940014,0.415585479,0.0087210002881419,0.3079118252210733
481,17031691000,Census Tract 6910,0.056338851,0.692747481,0.420846862,0.0153185685933061,0.3282394707808335
482,17031242300,Census Tract 2423,0.016831126,0.436502107,0.455534938,-0.0003203439644874,-0.0022017040531892
483,17031411100,Census Tract 4111,0.008970063,0.463128864,0.425714657,0.0003356078140331,0.0463842708952553
484,17031460400,Census Tract 4604,0.049651907,0.720281117,0.323568081,0.0196975588804278,0.4463649433078455
485,17031681200,Census Tract 6812,0.133642832,0.82549872,0.426163749,0.0533682563316403,0.5329778026094609
486,17031690500,Census Tract 6905,0.098791401,0.826591154,0.480281642,0.0342124018993581,0.4451009130868465
487,17031241400,Census Tract 2414,0.009658016,0.454032706,0.47640162,-0.0002160393340352,-0.012710897132888
488,17031241500,Census Tract 2415,0.00636403,0.439053213,0.465512134,-0.000168385360783,-0.0200948915422286
489,17031241600,Census Tract 2416,0.014820597,0.474630922,0.439006395,0.0005279767382006,0.0504451232245388
490,17031242000,Census Tract 2420,0.011228842,0.506834204,0.466032138,0.0004581599668927,0.0520309081424024
491,17031243300,Census Tract 2433,0.016485209,0.567472614,0.44586732,0.0020046887277976,0.1380905028928654
492,17031491200,Census Tract 4912,0.054852367,0.744982551,0.36132543,0.0210445012122533,0.4385094877795318
493,17031480300,Census Tract 4803,0.058179388,0.710642095,0.415097118,0.0171946258183137,0.3537243644897862
494,17031710800,Census Tract 7108,0.106988571,0.732665924,0.451945285,0.0300339000746182,0.3877092099631358
495,17031711300,Census Tract 7113,0.058593675,0.710282044,0.417798708,0.0171376735952811,0.3510770107377851
496,17031010202,Census Tract 102.02,0.056632884,0.598250609,0.465181534,0.0075360854698165,0.189701958486243
497,17031480200,Census Tract 4802,0.043660457,0.682167584,0.41262773,0.0117682332869363,0.313200311099134
498,17031480400,Census Tract 4804,0.036496495,0.708263072,0.386592357,0.0117398537443721,0.3581672103030858
499,17031480500,Census Tract 4805,0.069063667,0.722894039,0.394210665,0.0227000790020945,0.3977470409657568
500,17031241200,Census Tract 2412,0.014363063,0.479948874,0.415007552,0.0009327563269349,0.0793043854953512
501,17031691100,Census Tract 6911,0.105102106,0.677729317,0.454712391,0.0234395484747156,0.3281190313741456
502,17031691200,Census Tract 6912,0.07778843,0.747699219,0.430683696,0.0246601397562428,0.3948039521883922
503,17031691400,Census Tract 6914,0.066366327,0.701866187,0.443252805,0.0171632202678411,0.3249797086086762
504,17031051200,Census Tract 512,0.0063692,0.458725882,0.445048229,8.711571147921325e-05,0.0200468532266906
505,17031691500,Census Tract 6915,0.158583639,0.755202102,0.407574808,0.0551280014579467,0.5062109335271019
506,17031700100,Census Tract 7001,0.067365081,0.692080825,0.326070487,0.0246563161951797,0.4333754197531176
507,17031410700,Census Tract 4107,0.056984468,0.549594367,0.381372677,0.0095860234535132,0.2252061577285123
508,17031410800,Census Tract 4108,0.055250371,0.539612952,0.479374356,0.0033282047583965,0.1154889666860451
509,17031410900,Census Tract 4109,0.033854171,0.551984005,0.499016498,0.0017931710556563,0.0868216782436575
510,17031411000,Census Tract 4110,0.023997761,0.569422124,0.483120096,0.0020710554487164,0.1102997896069832
511,17031411200,Census Tract 4112,0.016555116,0.524149508,0.392308256,0.0021826471785129,0.1483963670459838
512,17031530600,Census Tract 5306,0.07595712,0.725645841,0.451190757,0.0208468178736439,0.3504122048513105
513,17031460100,Census Tract 4601,0.061694677,0.695542065,0.420454808,0.0169714195468215,0.3367819340555349
514,17031460200,Census Tract 4602,0.090127181,0.766706656,0.312846112,0.0409051712459327,0.5439877242625732
515,17031460500,Census Tract 4605,0.031737744,0.671537023,0.40810375,0.0083607777731385,0.2951710169051433
516,17031460600,Census Tract 4606,0.052963173,0.678833153,0.41142572,0.0141627461056843,0.3203706062234191
517,17031460700,Census Tract 4607,0.103764989,0.775801208,0.440907863,0.0347502044053755,0.4386583346253233
518,17031241300,Census Tract 2413,0.005450384,0.478384266,0.406652147,0.0003909675991459,0.0771825033449974
519,17031461000,Census Tract 4610,0.169892599,0.768785645,0.488733733,0.0475787472052971,0.4499445112798494
520,17031681300,Census Tract 6813,0.102274431,0.824922757,0.410988143,0.0423349270660492,0.5162090448625045
521,17031681400,Census Tract 6814,0.054048738,0.76614486,0.432996546,0.0180062458539564,0.3871970517817412
522,17031060100,Census Tract 601,0.014193002,0.473663148,0.436469536,0.0005278890021932,0.0513866137629361
523,17031690300,Census Tract 6903,0.139249381,0.759713167,0.493103185,0.0371252748099821,0.4058593623654454
524,17031690400,Census Tract 6904,0.110150693,0.76099198,0.435690776,0.0358321531618887,0.4354518972096304
525,17031690900,Census Tract 6909,0.071698676,0.730892291,0.427578227,0.0217472167086472,0.3750127401642591
526,17031060200,Census Tract 602,0.021830274,0.481056198,0.417354033,0.0013906357105775,0.0855324389747455
527,17031242100,Census Tract 2421,0.004903553,0.437940253,0.442245142,-2.110924797155193e-05,0.00059866486498
528,17031243100,Census Tract 2431,0.011333182,0.48569839,0.46993978,0.0001785952074259,0.0270917929334821
529,17031243200,Census Tract 2432,0.010095047,0.505958249,0.45802677,0.0004838705605601,0.0580265272756332
530,17031611600,Census Tract 6116,0.097635622,0.664754094,0.424810563,0.0234270359547078,0.3375791529431373
531,17031243400,Census Tract 2434,0.015252279,0.59857154,0.453520245,0.0022123627722332,0.1603035737118819
532,17031243500,Census Tract 2435,0.008434033,0.443250479,0.493906707,-0.0004272363249893,-0.0422221946864806
533,17031711100,Census Tract 7111,0.054468151,0.707478878,0.403115892,0.0165780891067453,0.3588311375987401
534,17031250200,Census Tract 2502,0.042575344,0.610418094,0.424747469,0.0079049906891924,0.2282459686376061
535,17031491000,Census Tract 4910,0.09472701,0.755583717,0.292743679,0.0438434527488496,0.5575670480194816
536,17031491100,Census Tract 4911,0.049297853,0.747000327,0.354506771,0.0193490897882983,0.4417914094900361
537,17031710100,Census Tract 7101,0.141669635,0.765402565,0.409785638,0.0503801203952683,0.4972865626198832
538,17031510100,Census Tract 5101,0.053104208,0.682178996,0.443468298,0.0126765426363705,0.2918149069020482
539,17031510200,Census Tract 5102,0.041587594,0.772247071,0.350221312,0.0175510360244625,0.4636133536745812
540,17031710300,Census Tract 7103,0.067655368,0.753242532,0.385460908,0.024882401217995,0.4354369928466448
541,17031520200,Census Tract 5202,0.085740694,0.685204128,0.39399018,0.0249688858737679,0.3769546412271608
542,17031710900,Census Tract 7109,0.078810992,0.791668802,0.429030958,0.028579848160498,0.4414488359698462
543,17031711000,Census Tract 7110,0.044765746,0.671637655,0.409611462,0.0117297978786979,0.3067919383376473
544,17031711200,Census Tract 7112,0.045841995,0.67298689,0.445076321,0.0104478752544258,0.2737525648804178
545,17031711400,Census Tract 7114,0.047865068,0.717774133,0.410555419,0.0147050445038457,0.3550837814012818
546,17031081402,Census Tract 814.02,0.009328774,0.477395124,0.498822974,-0.0001998955634079,-0.0120990761035976
547,17031710600,Census Tract 7106,0.070151956,0.749060769,0.409323558,0.0238332299254143,0.4098891668509558
548,17031061902,Census Tract 619.02,0.022340053,0.485317293,0.52518625,-0.0008906746353909,-0.0175289042685328
549,17031030200,Census Tract 302,0.022822671,0.495033652,0.44219598,0.0012058968196674,0.0756603430101934
550,17031030300,Census Tract 303,0.054965984,0.548876239,0.420461651,0.0070584341671684,0.183380571784163
551,17031030400,Census Tract 304,0.03739161,0.57758169,0.442646489,0.0050454444696228,0.172326811442325
552,17031030500,Census Tract 305,0.018017318,0.489375728,0.457064023,0.0005821702580456,0.0503290229008299
553,17031030800,Census Tract 308,0.017498395,0.489821486,0.40303368,0.0015186472811178,0.1042862005903358
554,17031242400,Census Tract 2424,0.017602368,0.427180974,0.448015331,-0.0003667340268457,-0.0032319897516449
555,17031242500,Census Tract 2425,0.025826899,0.535617088,0.451141598,0.002181739944004,0.1103023885725063
556,17031242600,Census Tract 2426,0.031532516,0.567990623,0.431237086,0.0043121831382805,0.1682860534033349
557,17031242700,Census Tract 2427,0.040423171,0.578153265,0.45030447,0.0051680536481166,0.1682719650580458
558,17031242800,Census Tract 2428,0.016988601,0.459285466,0.456775951,4.2633147014889584e-05,0.0194981157781232
559,17031242900,Census Tract 2429,0.015862464,0.464757843,0.465163822,-6.439829198112011e-06,0.0154564852997222
560,17031243000,Census Tract 2430,0.021121771,0.453889286,0.415481874,0.0008112325622989,0.0595291829231712
561,17031220400,Census Tract 2204,0.014328026,0.445356545,0.448356974,-4.299022257713415e-05,0.0113275974071277
562,17031220500,Census Tract 2205,0.016714506,0.433315908,0.434345211,-1.720429222707605e-05,0.0156852028528774
563,17031031800,Census Tract 318,0.021361045,0.448700251,0.45251559,-8.149964377580033e-05,0.017545705172405
564,17031221000,Census Tract 2210,0.036183379,0.568629102,0.415335012,0.005546698058205,0.1894774677594394
565,17031810400,Census Tract 8104,0.035144206,0.458461731,0.307925925,0.0052904614155429,0.1856800120839413
566,17031031900,Census Tract 319,0.027559574,0.4625349,0.442271197,0.000558459010906,0.0478232765881795
567,17031520500,Census Tract 5205,0.070031375,0.601001514,0.394256384,0.0144786457662385,0.276776504878683
568,17031720500,Census Tract 7205,0.036687382,0.429299194,0.405769464,0.0008632442021167,0.0602171124023332
569,17031490300,Census Tract 4903,0.033630363,0.748790012,0.437941631,0.0104539439457348,0.3444787441376559
570,17031490400,Census Tract 4904,0.034195368,0.676005701,0.42388915,0.0086212182994913,0.2863119198017835
571,17031350100,Census Tract 3501,0.052725704,0.561012556,0.382341871,0.0094205376090446,0.2313963890095286
572,17031351100,Census Tract 3511,0.226175353,0.91811499,0.416380611,0.1134799505104556,0.7279097323997927
573,17031251200,Census Tract 2512,0.102962624,0.663017257,0.433179698,0.0236646780814034,0.3328001821649888
574,17031570100,Census Tract 5701,0.091068913,0.628619097,0.448905959,0.0163662800884354,0.2707820507764115
575,17031030900,Census Tract 309,0.011122021,0.471999662,0.430765052,0.0004586122079346,0.0523566310028038
576,17031250600,Census Tract 2506,0.101528151,0.662646966,0.436123995,0.0229984583532849,0.3280511217751409
577,17031560100,Census Tract 5601,0.072860449,0.575078802,0.371283547,0.0148486138256404,0.2766557039572715
578,17031032100,Census Tract 321,0.030381534,0.506094505,0.506534073,-1.335473109926171e-05,0.0299419667302683
579,17031490500,Census Tract 4905,0.041947775,0.757200493,0.504937724,0.0105818618032008,0.2942105435615844
580,17031490600,Census Tract 4906,0.058578388,0.698068471,0.372402819,0.0190769688279482,0.3842440397202633
581,17031490700,Census Tract 4907,0.046186702,0.684224815,0.340203222,0.0158892227773729,0.3902082952373669
582,17031490800,Census Tract 4908,0.053257866,0.713201615,0.434656547,0.0148347159964286,0.3318029341568037
583,17031700200,Census Tract 7002,0.062075474,0.668595346,0.378817911,0.0179880716088446,0.3518529091321443
584,17031710200,Census Tract 7102,0.096281859,0.720757753,0.387853123,0.0320526765394816,0.42918648866979
585,17031710400,Census Tract 7104,0.053331923,0.739862801,0.443645257,0.0157978511126885,0.3495494662267227
586,17031710500,Census Tract 7105,0.078665314,0.671246031,0.421427362,0.0196520641003215,0.3284839831119517
587,17031710700,Census Tract 7107,0.128796227,0.694744523,0.407149614,0.0370411391226784,0.4163911357770385
588,17031251000,Census Tract 2510,0.075978919,0.727716191,0.480270718,0.018800639631005,0.3234243922806171
589,17031280400,Census Tract 2804,0.060972873,0.735202248,0.386867461,0.021238972718235,0.4093076600422222
590,17031320100,Census Tract 3201,0.011812966,0.449608865,0.534269058,-0.001000087935011,-0.0728472268730124
591,17031580800,Census Tract 5808,0.108437258,0.699030761,0.434956581,0.0286354797718651,0.3725114366800364
592,17031351000,Census Tract 3510,0.052909147,0.678582916,0.447932372,0.012203523571533,0.2835596909226683
593,17031360200,Census Tract 3602,0.074889575,0.691627397,0.46710161,0.0168146407664843,0.2994153617181838
594,17031380100,Census Tract 3801,0.161041153,0.761992125,0.381530434,0.0612699893242116,0.5415028440565286
595,17031231500,Census Tract 2315,0.079676973,0.719422489,0.406596426,0.0249250338310716,0.3925030361981778
596,17031251100,Census Tract 2511,0.125713056,0.803049646,0.42907878,0.0470130204774141,0.4996839218490355
597,17031550200,Census Tract 5502,0.10812773,0.596461456,0.294262721,0.0326760633008863,0.4103264655906446
598,17031560800,Census Tract 5608,0.061581406,0.573000631,0.390242229,0.0112545193791825,0.2443398087347788
599,17031560900,Census Tract 5609,0.042545078,0.502253898,0.320292434,0.0077415646809792,0.2245065416643338
600,17031500300,Census Tract 5003,0.056330766,0.580689165,0.368119366,0.0119742196853301,0.268900565855615
601,17031561000,Census Tract 5610,0.038723554,0.507400878,0.35874198,0.0057566008912789,0.1873824517692131
602,17031561100,Census Tract 5611,0.045383822,0.511390215,0.387305187,0.0056314528831247,0.1694688506704682
603,17031570200,Census Tract 5702,0.080862998,0.554063333,0.414178642,0.0113114954166554,0.2207476882298774
604,17031730400,Census Tract 7304,0.020232655,0.701674372,0.38933821,0.0063193898767815,0.3325688177705345
605,17031730500,Census Tract 7305,0.033585368,0.74660015,0.354658908,0.0131634909093203,0.4255266102332011
606,17031730600,Census Tract 7306,0.048568646,0.739129051,0.402302368,0.0163592160613409,0.385395329328502
607,17031730700,Census Tract 7307,0.089519077,0.739590159,0.399906589,0.0304081598437746,0.4292026478429324
608,17031250300,Census Tract 2503,0.071003761,0.691468733,0.401552542,0.0205851399742578,0.3609199522925649
609,17031250400,Census Tract 2504,0.044264979,0.64147879,0.430187853,0.0093527889469783,0.2555559160072104
610,17031250500,Census Tract 2505,0.014791572,0.503148835,0.38428072,0.0017582462639859,0.133659687268277
611,17031250700,Census Tract 2507,0.069092911,0.640665701,0.425576016,0.0148611725593437,0.284182596749729
612,17031250800,Census Tract 2508,0.059929079,0.675066477,0.427039952,0.0148640013297913,0.3079556047627309
613,17031520300,Census Tract 5203,0.113930235,0.693758383,0.382539436,0.0354572476560869,0.4251491815222626
614,17031520600,Census Tract 5206,0.08300732,0.625334784,0.443075729,0.0151288356270628,0.2652663745185613
615,17031560200,Census Tract 5602,0.035731932,0.653158516,0.296848497,0.0127316455385187,0.3920419512600354
616,17031560300,Census Tract 5603,0.091209715,0.637064357,0.336844631,0.0273829555783788,0.3914294410467721
617,17031560700,Census Tract 5607,0.030482327,0.615078011,0.451654991,0.0049815139691917,0.193905347506314
618,17031711500,Census Tract 7115,0.046048109,0.691801543,0.373282019,0.0146672218323238,0.3645676331923444
619,17031720600,Census Tract 7206,0.034035714,0.559562321,0.374445656,0.0063005777726341,0.2191523782892253
620,17031031000,Census Tract 310,0.019775607,0.486898052,0.444154974,0.0008452703169112,0.0625186851919357
621,17031580300,Census Tract 5803,0.046771059,0.672095208,0.487084721,0.0086531363254903,0.2317815453015321
622,17031050500,Census Tract 505,0.003079948,0.442155012,0.438755344,1.0470802693885728e-05,0.0064796166256437
623,17031050800,Census Tract 508,0.012149943,0.458786918,0.445614049,0.0001600496091751,0.0253228121311859
624,17031051000,Census Tract 510,0.007057261,0.509901884,0.445877401,0.0004518374969673,0.0710817442373258
625,17031051400,Census Tract 514,0.008856366,0.382129323,0.443067789,-0.0005396933453303,-0.0520821003291717
626,17031081900,Census Tract 819,0.000555612,0.551248296,0.439984551,6.181943266626116e-05,0.1118193558130249
627,17031252000,Census Tract 2520,0.130578253,0.724957086,0.43807248,0.0374608906823214,0.4174628587740774
628,17031260300,Census Tract 2603,0.109893124,0.750093737,0.376016854,0.0411084774134399,0.4839700072662656
629,17031040300,Census Tract 403,0.017510817,0.465631896,0.394893504,0.0012386870704962,0.0882492095558568
630,17031040800,Census Tract 408,0.021037414,0.464503598,0.438929798,0.00053800663096,0.046611214533987
631,17031050100,Census Tract 501,0.01195174,0.463138307,0.442290479,0.000249167818334,0.0327995679600973
632,17031050200,Census Tract 502,0.0141871,0.490943602,0.445208357,0.0006488504998555,0.0599223451678815
633,17031050300,Census Tract 503,0.020412599,0.474857805,0.437886764,0.0007546750503064,0.0573836404854504
634,17031380200,Census Tract 3802,0.087334065,0.797775415,0.397241111,0.0349802889692447,0.4878683691866981
635,17031600400,Census Tract 6004,0.060895161,0.487980126,0.4437336,0.0026943993432175,0.1051416874034339
636,17031081500,Census Tract 815,0.0125835,0.419132572,0.538563775,-0.0015028625306972,-0.1068477028827639
637,17031720100,Census Tract 7201,0.024225477,0.534822056,0.352029023,0.0044282484066496,0.2070185102837752
638,17031720200,Census Tract 7202,0.061153515,0.634109757,0.383651863,0.0153163806482118,0.3116114095762318
639,17031720300,Census Tract 7203,0.033403154,0.557735058,0.328350841,0.0076621563322031,0.2627873706520456
640,17031720700,Census Tract 7207,0.026703004,0.570704816,0.328835645,0.0064586334602263,0.2685721745935653
641,17031730100,Census Tract 7301,0.037252997,0.699967402,0.383785983,0.0117787055364585,0.3534344155660847
642,17031730300,Census Tract 7303,0.042245389,0.726719861,0.455505132,0.0114575718371545,0.3134601183804609
643,17031031100,Census Tract 311,0.023907694,0.509995454,0.421126275,0.0021246571696111,0.1127768737311892
644,17031031200,Census Tract 312,0.054509875,0.531959012,0.463476272,0.0037329856482142,0.122992615836212
645,17031031300,Census Tract 313,0.058495471,0.540867964,0.485953496,0.003212247632666,0.1134099383689027
646,17031031400,Census Tract 314,0.025142527,0.505674941,0.480173119,0.000641180245982,0.0506443489116855
647,17031570500,Census Tract 5705,0.104699,0.604342734,0.415186672,0.0198044505115577,0.2938550619805918
648,17031580100,Census Tract 5801,0.047520382,0.587064126,0.402661797,0.0087628690079034,0.2319227100322911
649,17031580200,Census Tract 5802,0.064075551,0.718571262,0.482145164,0.0151491324055451,0.3005016483297597
650,17031060300,Census Tract 603,0.011280339,0.416669008,0.451501569,-0.0003929230902334,-0.0235522219060793
651,17031580400,Census Tract 5804,0.043306709,0.64430405,0.440364703,0.0088319419133691,0.2472460556405538
652,17031580600,Census Tract 5806,0.047846089,0.639994157,0.425565836,0.0102595564257036,0.2622744093735757
653,17031530300,Census Tract 5303,0.051834056,0.751228678,0.387249862,0.0188664982397058,0.4158128715415185
654,17031051300,Census Tract 513,0.014605866,0.472102924,0.453745024,0.0002681330391931,0.0329637666909747
655,17031500100,Census Tract 5001,0.053257991,0.662391457,0.335714631,0.0173981513644031,0.3799348166652442
656,17031050600,Census Tract 506,0.008410073,0.442002065,0.452801192,-9.082144839475728e-05,-0.0023890532623769
657,17031050700,Census Tract 507,0.005849117,0.456695812,0.449058042,4.4674217355097895e-05,0.0134868880531688
658,17031050900,Census Tract 509,0.015170836,0.497079533,0.441752589,0.000839356008443,0.0704977805899047
659,17031051100,Census Tract 511,0.004534125,0.48574736,0.447278122,0.0001744243344001,0.0430033627861187
660,17031081800,Census Tract 818,0.00498356,0.383261484,0.467473731,-0.0004196767923413,-0.0792286872603609
661,17031090100,Census Tract 901,0.041364023,0.443344796,0.372603513,0.0029261440207569,0.1121053050845117
662,17031090200,Census Tract 902,0.036339633,0.406268234,0.424643002,-0.0006677323034713,0.0179648655545167
663,17031090300,Census Tract 903,0.036348622,0.433841441,0.404806544,0.0010553784988534,0.065383519111574
664,17031100100,Census Tract 1001,0.044645243,0.444824317,0.440346651,0.0001999064922098,0.049122909385299
665,17031260200,Census Tract 2602,0.070221132,0.749662067,0.42138477,0.0230520034910714,0.3984984286823924
666,17031100200,Census Tract 1002,0.020220521,0.491327442,0.385241851,0.0021451059599475,0.1263061129832574
667,17031260100,Census Tract 2601,0.188133643,0.738607315,0.377651944,0.0679078491323894,0.549089014788668
668,17031062400,Census Tract 624,0.006686959,0.506149667,0.443209244,0.0004208800089996,0.0696273819908243
669,17031491300,Census Tract 4913,0.070085098,0.770706076,0.378889929,0.0274604730999168,0.4619012458111974
670,17031720400,Census Tract 7204,0.039056006,0.480437059,0.339513985,0.0055038924906275,0.1799790807632019
671,17031530400,Census Tract 5304,0.034290451,0.732558557,0.278328101,0.0155757672646491,0.4885209069067706
672,17031063400,Census Tract 634,0.011931575,0.490526508,0.45675764,0.0004029157714821,0.0457004430865521
673,17031750600,Census Tract 7506,0.049030419,0.708216389,0.369176008,0.0166232920658599,0.3880708011012136
674,17031040100,Census Tract 401,0.014919519,0.465256843,0.424073175,0.0006144405230955,0.0561031872130856
675,17031040600,Census Tract 406,0.01822754,0.446846938,0.419490169,0.0004986466132953,0.0455843096906189
676,17031040700,Census Tract 407,0.019726244,0.465467217,0.451429426,0.0002769128863152,0.0337640347055602
677,17031040900,Census Tract 409,0.023357977,0.459150991,0.424023614,0.0008205044742566,0.0584853544754667
678,17031980000,Census Tract 9800,,0.078709155,,0.0,0.0787091546978742
679,17031081600,Census Tract 816,0.007447348,0.434928004,0.554893847,-0.0008934273536166,-0.11251849463691
680,17031081700,Census Tract 817,0.013102688,0.417661955,0.561395994,-0.0018833023024568,-0.1306313501685712
681,17031251300,Census Tract 2513,0.069945388,0.567464155,0.442026242,0.0087738035024951,0.195383300872621
682,17031251400,Census Tract 2514,0.072784551,0.566560453,0.434358964,0.0096222260025831,0.2049860400025498
683,17031251500,Census Tract 2515,0.106600926,0.728812422,0.414876042,0.0334659087251264,0.4205373054322611
684,17031251900,Census Tract 2519,0.122547627,0.785297563,0.423527361,0.0443340798354776,0.4843178291391501
685,17031260700,Census Tract 2607,0.115767728,0.794337614,0.466279112,0.0379785874247771,0.4438262301916644
686,17031600900,Census Tract 6009,0.035506677,0.425657807,0.320782434,0.0037237759600989,0.1403820497375886
687,17031611200,Census Tract 6112,0.090040162,0.656324555,0.423207777,0.0209898724298755,0.3231569395020143
688,17031062800,Census Tract 628,0.003981748,0.44857158,0.379483254,0.0002750923312679,0.0730700751213216
689,17031062900,Census Tract 629,0.007802636,0.45982662,0.399360348,0.0004717963181464,0.0682689079813986
690,17031063000,Census Tract 630,0.015408039,0.466993169,0.451280507,0.0002421013116001,0.0311207011666012
691,17031063100,Census Tract 631,0.016914538,0.445858126,0.486383031,-0.000685460054393,-0.0236103665731713
692,17031063200,Census Tract 632,0.024421792,0.499046959,0.52300665,-0.0005851385659437,0.0004621013140361
693,17031110200,Census Tract 1102,0.018266135,0.460270559,0.432761651,0.0005024814228553,0.0457750427437842
694,17031251600,Census Tract 2516,0.082523851,0.755903078,0.409094789,0.0286199555408289,0.4293321400829162
695,17031251700,Census Tract 2517,0.037186921,0.639485113,0.507022825,0.0049258646356132,0.169649208746069
696,17031251800,Census Tract 2518,0.099177741,0.749935931,0.428609574,0.0318684222769257,0.4205040986272294
697,17031570300,Census Tract 5703,0.041197011,0.704408729,0.363085185,0.014061509793606,0.3825205551391569
698,17031570400,Census Tract 5704,0.056276421,0.64625159,0.452874538,0.01088256838399,0.2496534728882116
699,17031100600,Census Tract 1006,0.021481972,0.49774137,0.412363765,0.00183407929688,0.1068595770399381
700,17031062200,Census Tract 622,0.006775168,0.495353024,0.399714791,0.0006479651015989,0.1024134013769122
701,17031100700,Census Tract 1007,0.049186449,0.456044002,0.36334384,0.0045595917508508,0.1418866105069711
702,17031261000,Census Tract 2610,0.074787532,0.732971833,0.482195649,0.0187549318115703,0.3255637154342843
703,17031062600,Census Tract 626,0.002922033,0.492747921,0.452828668,0.0001166453571801,0.0428412853749251
704,17031110100,Census Tract 1101,0.055634745,0.461814982,0.388467336,0.0040806776362777,0.1289823918304961
705,17031260900,Census Tract 2609,0.098807348,0.662679444,0.41205856,0.0247631849142668,0.3494282315726676
706,17031270500,Census Tract 2705,0.174401225,0.751408081,0.47728628,0.0478071778035931,0.4485230253754975
707,17031520100,Census Tract 5201,0.038581109,0.660776019,0.465218848,0.007544812524085,0.2341382804508354
708,17031611400,Census Tract 6114,0.065863003,0.707931881,0.407319291,0.0197992479005907,0.3664755931139956
709,17031610300,Census Tract 6103,0.076578888,0.689695803,0.289618297,0.0306374905629544,0.4766563939480305
710,17031610800,Census Tract 6108,0.03665641,0.436226503,0.295844054,0.0051459166490035,0.1770388588520762
711,17031611000,Census Tract 6110,0.134577999,0.716103792,0.407861517,0.0414826286098395,0.4428202737401434
712,17031062700,Census Tract 627,0.001796799,0.500644585,0.437445961,0.0001135551943011,0.0649954229309069
713,17031120300,Census Tract 1203,0.029108843,0.478937705,0.330810041,0.0043118249506277,0.1772365070655733
714,17031271800,Census Tract 2718,0.141066439,0.823648041,0.411654033,0.0581185275923691,0.553060446987759
715,17031520400,Census Tract 5204,0.102662274,0.654150643,0.416063345,0.0244425835268742,0.3407495727630406
716,17031260500,Census Tract 2605,0.07564342,0.781995641,0.528317945,0.0191890486706101,0.3293211171845328
717,17031260600,Census Tract 2606,0.088367707,0.807739712,0.450251074,0.0315904514222197,0.4458563460145559
718,17031580700,Census Tract 5807,0.098212872,0.67588895,0.396042531,0.0274845204823987,0.3780592912029809
719,17031061200,Census Tract 612,0.00690719,0.459433787,0.454536635,3.3825560732746486e-05,0.011804342288842
720,17031590500,Census Tract 5905,0.026562445,0.585393061,0.475867026,0.0029092792308434,0.1360884795292095
721,17031590600,Census Tract 5906,0.042729956,0.60325963,0.36598239,0.010138845956485,0.280007196144842
722,17031590700,Census Tract 5907,0.048155859,0.65398995,0.421443638,0.0111984675121581,0.2807021716902199
723,17031600600,Census Tract 6006,0.06318518,0.514811983,0.385021075,0.008200861943127,0.1929760885952243
724,17031600700,Census Tract 6007,0.045518638,0.47536435,0.443213235,0.0014634749942409,0.0776697535701694
725,17031060400,Census Tract 604,0.007765384,0.557293023,0.443924014,0.000880353892242,0.1211343927896629
726,17031060500,Census Tract 605,0.059271223,0.535976894,0.487107291,0.0028965610693201,0.1081408247871704
727,17031060900,Census Tract 609,0.029550685,0.351916379,0.512402823,-0.004742484328132,-0.1309357587437131
728,17031061000,Census Tract 610,0.011673645,0.339051425,0.453953911,-0.0013413308357188,-0.10322884082122
729,17031062000,Census Tract 620,0.020935928,0.430681629,0.461790794,-0.0006512992134444,-0.010173236862803
730,17031062100,Census Tract 621,0.015744592,0.450466125,0.485908061,-0.0005580188424449,-0.0196973439250039
731,17031260400,Census Tract 2604,0.142720377,0.7861533,0.367140626,0.0598016466859305,0.5617330511054937
732,17031260800,Census Tract 2608,0.114771098,0.819485,0.43892852,0.043676885043754,0.4953275784378356
733,17031630800,Census Tract 6308,0.089765811,0.69687843,0.434139807,0.0235849455694441,0.3525044343288523
734,17031100300,Census Tract 1003,0.020913768,0.458349236,0.333146904,0.0026184525750985,0.146116101003592
735,17031100400,Census Tract 1004,0.040681772,0.45035357,0.326807119,0.0050260885420283,0.1642282224056852
736,17031100500,Census Tract 1005,0.055519435,0.444735084,0.207771101,0.0131561065571519,0.2924834186386777
737,17031283100,Census Tract 2831,0.058566527,0.614319779,0.457777443,0.0091681408564118,0.2151088620958053
738,17031271200,Census Tract 2712,0.078018535,0.724520546,0.481296315,0.018975998284272,0.3212427664391631
739,17031610400,Census Tract 6104,0.055134059,0.735032195,0.421376942,0.0172930873819416,0.3687893125550792
740,17031611100,Census Tract 6111,0.088357536,0.64939776,0.4086325,0.0212734250947862,0.3291227960063209
741,17031611300,Census Tract 6113,0.094664004,0.696474115,0.409861922,0.0271318576467827,0.3812761962719399
742,17031062300,Census Tract 623,0.005071275,0.466220058,0.441843151,0.0001236219978242,0.0294481821758916
743,17031062500,Census Tract 625,0.003319465,0.498986996,0.46053538,0.0001276387988978,0.0417710805109677
744,17031070700,Census Tract 707,0.008371648,0.530274341,0.377993744,0.0012748396215303,0.1606522453468455
745,17031071100,Census Tract 711,0.004352506,0.455378271,0.48740535,-0.0001393980605709,-0.0276745731438283
746,17031071300,Census Tract 713,0.007634731,0.434757481,0.481632168,-0.0003578756429628,-0.039239956278912
747,17031140200,Census Tract 1402,0.046816814,0.546604277,0.446623631,0.0046807752556329,0.1467974593830969
748,17031070600,Census Tract 706,0.001972077,0.467568523,0.421899502,9.006281395459229e-05,0.047641097529019
749,17031120400,Census Tract 1204,0.040897945,0.526602943,0.419348335,0.0043864930738414,0.1481525534489035
750,17031130100,Census Tract 1301,0.042704004,0.508305114,0.356706439,0.0064738704195966,0.1943026790334626
751,17031130200,Census Tract 1302,0.026421449,0.511436067,0.302941821,0.005508720117856,0.2349156953945548
752,17031140100,Census Tract 1401,0.038499321,0.581586594,0.438078877,0.0055249496823967,0.1820070383160041
753,17031283200,Census Tract 2832,0.026509902,0.611954976,0.516991331,0.0025174768949187,0.1214735467556649
754,17031140400,Census Tract 1404,0.025489282,0.478906482,0.358546452,0.0030678907718471,0.1458493125831744
755,17031292400,Census Tract 2924,0.071921254,0.714057765,0.413590398,0.0216099898623853,0.3723886211970154
756,17031282700,Census Tract 2827,0.026037885,0.645310903,0.44803569,0.0051366293827736,0.2233130982262568
757,17031292500,Census Tract 2925,0.058616828,0.74408765,0.426557856,0.0186125894083844,0.3761466227442679
758,17031300600,Census Tract 3006,0.050737066,0.708354474,0.466805226,0.012255500063141,0.2922863137293666
759,17031300700,Census Tract 3007,0.055082691,0.719354659,0.417241721,0.0166411936437522,0.357195628630228
760,17031282800,Census Tract 2828,0.034774324,0.631357921,0.467232915,0.0057073361585278,0.1988993299625374
761,17031283800,Census Tract 2838,0.023574555,0.612430678,0.41384593,0.0046815470311194,0.2221593028405
762,17031290900,Census Tract 2909,0.101456924,0.722570965,0.407160724,0.0320005529249311,0.4168671652569335
763,17031291600,Census Tract 2916,0.093882696,0.622446397,0.481521785,0.0132303824696592,0.2348073076828941
764,17031630200,Census Tract 6302,0.065294411,0.616559182,0.476689051,0.0091327378809432,0.2051645425365684
765,17031271300,Census Tract 2713,0.102342332,0.871088642,0.452507767,0.0428385426594076,0.5209232063989437
766,17031280900,Census Tract 2809,0.14501281,0.815294169,0.499535915,0.0457889915851792,0.4607710634236954
767,17031611700,Census Tract 6117,0.104112071,0.719054247,0.42343523,0.0307775080326605,0.3997310878794084
768,17031612100,Census Tract 6121,0.096049135,0.741169852,0.436158615,0.0292960655162745,0.4010603724168218
769,17031070300,Census Tract 703,0.005223618,0.44345795,0.418598776,0.0001298548247779,0.0300827919038028
770,17031300500,Census Tract 3005,0.056272263,0.74056228,0.412373781,0.0184679095384094,0.3844607623976889
771,17031291200,Census Tract 2912,0.116167103,0.787239825,0.468616369,0.0370135640003658,0.4347905596177387
772,17031620300,Census Tract 6203,0.081920982,0.654927899,0.380936186,0.0224456703071654,0.3559126956783862
773,17031620400,Census Tract 6204,0.063002228,0.644216177,0.422372831,0.0139766250243399,0.2848455738991288
774,17031630100,Census Tract 6301,0.087340054,0.647437447,0.502709779,0.012640522354787,0.2320677218907596
775,17031630300,Census Tract 6303,0.098040753,0.637255349,0.354150053,0.0277558563833957,0.381146048763951
776,17031630400,Census Tract 6304,0.059893572,0.720076881,0.427953585,0.0174963077348479,0.3520168684633806
777,17031630500,Census Tract 6305,0.051026467,0.65993473,0.421147667,0.0121844602139641,0.2898135297550981
778,17031110300,Census Tract 1103,0.051662281,0.472776216,0.368743687,0.005374557782987,0.1556948106036815
779,17031110400,Census Tract 1104,0.064085848,0.457872736,0.444808279,0.0008372468155195,0.0771503053825557
780,17031280100,Census Tract 2801,0.00661325,0.43424731,0.540171399,-0.0007005024729181,-0.0993108382970512
781,17031120100,Census Tract 1201,0.026625615,0.470605313,0.40779256,0.0016724281491872,0.089438367387032
782,17031280800,Census Tract 2808,0.149427649,0.755979545,0.50014139,0.0382292939466867,0.4052658037106675
783,17031120200,Census Tract 1202,0.031945072,0.508975288,0.403863345,0.0033578086253236,0.1370570157872122
784,17031271400,Census Tract 2714,0.108523726,0.760924204,0.509113346,0.0273274525252873,0.3603345839540141
785,17031071000,Census Tract 710,0.005170648,0.414665287,0.44479217,-0.0001557755103586,-0.0249562343264305
786,17031281900,Census Tract 2819,0.011381883,0.459675,0.548406574,-0.0010099324170743,-0.0773496909904984
787,17031550100,Census Tract 5501,0.035559327,0.583376654,0.39542058,0.0066835914910887,0.223515400719753
788,17031071200,Census Tract 712,0.010521205,0.487539153,0.475747141,0.0001240661703419,0.0223132165196721
789,17031611500,Census Tract 6115,0.069247239,0.725748419,0.397370755,0.022739246450627,0.3976249029072496
790,17031611800,Census Tract 6118,0.057262779,0.595347744,0.39938089,0.0112216066394348,0.2532296332253869
791,17031611900,Census Tract 6119,0.106267747,0.789095672,0.400243669,0.0413224263281174,0.4951197506095435
792,17031612000,Census Tract 6120,0.064150105,0.686800801,0.422898808,0.0169293404547893,0.3280520977267901
793,17031620100,Census Tract 6201,0.068093979,0.645772294,0.331872989,0.0213746528472167,0.381993284899341
794,17031620200,Census Tract 6202,0.078008719,0.581898784,0.405088324,0.0137927575860777,0.254819179821231
795,17031070200,Census Tract 702,0.016675991,0.481862426,0.429464287,0.0008737908799309,0.069074129775165
796,17031070400,Census Tract 704,0.010799443,0.47544077,0.376554815,0.0010679132834129,0.1096853989164979
797,17031070500,Census Tract 705,0.003050107,0.451544042,0.404610773,0.0001431515146172,0.0499833767980544
798,17031130300,Census Tract 1303,0.036269672,0.499535686,0.449721788,0.0018067337598236,0.08608357047031
799,17031292200,Census Tract 2922,0.06928005,0.741882887,0.376867989,0.0252882502556295,0.4342949473400216
800,17031630900,Census Tract 6309,0.103112119,0.681020199,0.402149736,0.0287549242881483,0.381982581532753
